,0
0,daily
1,4 times a day
2,twice daily
3,every 7 days
4,every 4-6 hours
5,7 day
6,3 times day
7,7 day
8,4 times day
9,three times a day
10,4 times a day
11,one daily
12,each day
13,once weekly
14,daily
15,daily
16,twice daily
17,four times a day
18,four times a day
19,four times a day
20,daily
21,four times a day
22,four times a day
23,four times a day
24,four times a dayprn
25,four times a day
26,once daily
27,four times a day
28,four times a day
29,four times a day
30,four times a day
31,twice a day
32,4 times a day
33,four times a day
34,three times a day
35,four times a day
36,four times a day
37,a day
38,a day
39,daily
40,a month
41,a week
42,alt days
43,alternate days
44,a month
45,three times a day
46,twice a day
47,twice daily
48,twice daily
49,twice daily
50,once a day
51,twice daily
52,daily
53,every day
54,once daily
55,3 times a day
56,every 6 hours
57,every 8 hours
58,every morning
59,once a day
60,twice a day
61,4 hourly
62,twice daily
63,daily
64,four times a day
65,once a day
66,once a day
67,once a day
68,once daily
69,once daily
70,three times a day
71,three times daily
72,twice a day
73,twice daily
74,daily
75,daily
76,daily
77,daily
78,daily
79,daily
80,daily
81,daily
82,daily
83,daily
84,daily
85,daily
86,daily
87,daily
88,daily
89,daily
90,daily
91,daily
92,daily28
93,four times a day
94,once daily
95,once a day
96,each evening
97,each morning
98,each night
99,every day
100,every day
101,every day
102,every day
103,every day
104,every day
105,every day
106,every day
107,every day
108,every day
109,every day
110,every day
111,every day
112,every day
113,every day
114,every day
115,every day
116,every day
117,every day
118,every morning
119,every morning
120,every other day
121,four times a day
122,twice a day
123,once daily
124,twice a day
125,twice daily
126,every morning
127,every morning
128,every morning
129,every night
130,every morning
131,every night
132,every morning
133,every night
134,every morning
135,every morning
136,every night
137,twice daily
138,every night
139,every morning
140,once a day
141,once a day
142,once a day
143,once a day
144,alternate days
145,once a day
146,once daily
147,once daily
148,once daily
149,once daily
150,once daily
151,once daily
152,once daily1op
153,once daily2
154,once daily28
155,once dailyprn
156,daily
157,four times a day
158,four times a day
159,4 hourly
160,8 per day
161,four times a day
162,four times daily
163,two daily
164,twice a day
165,per day
166,daily
167,four times a day
168,twice daily
169,twice a day
170,twice daily
171,four times daily
172,twice daily
173,daily
174,twice daily
175,twice a day
176,twice daily
177,twice daily
178,3 times a day
179,three times daily
180,once daily
181,once a day
182,twice daily
183,daily
184,every morning
185,every night
186,once a day
187,once a day every night
188,3 times a day
189,3 times a day
190,twice a day
191,twice daily
192,every night
193,day
194,every 12 hours
195,every night
196,five times a day
197,once a day
198,three times a day
199,three times a day
200,three times a day
201,twice a day
202,twice a day
203,a day
204,alternate days
205,twice daily
206,daily
207,daily
208,each day
209,each morning
210,each night
211,every day
212,every morning
213,every night
214,everyday
215,four times a day
216,every morning
217,every night
218,once a day
219,once a day
220,once a day
221,once a day
222,once a day
223,once a day
224,once a day
225,once a day
226,once a month
227,once a week
228,once at night
229,once daily
230,once daily
231,once daily
232,once nightly
233,3 times a day
234,three times a day
235,three times a day
236,three times daily
237,each night
238,three times daily
239,twice daily
240,twice a day
241,twice a day
242,twice daily
243,twice daily
244,twice daily
245,two times a day
246,weekly
247,daily
248,every day
249,twice a day
250,twice a day
251,3 times a day
252,3 times a day
253,three times a day
254,three times a day
255,three times a day
256,three times daily
257,three times daily
258,four times a day
259,four times a day
260,every 4 to 6 hours
261,every 6 hours
262,four times daily
263,four times daily
264,four times daily
265,every 4 to 6 hours
266,every four hours
267,four times daily
268,daily
269,each morning
270,each morning
271,each night
272,each night
273,each night
274,four times daily
275,four times daily
276,once daily
277,three times daily
278,three times daily
279,twice daily
280,twice daily
281,twice daily
282,twice daily
283,twice daily
284,twice a day
285,twice a day
286,twice a day
287,twice a day
288,twice a day
289,twice daily
290,a day
291,4-6 hourly
292,once a day
293,four times a day
294,four times daily
295,four times daily
296,daily
297,daily
298,daily
299,daily
300,every 2-4 hours
301,3 times day
302,4 times day
303,every day
304,four times a day
305,four times a day
306,four times a day
307,four times daily
308,four times daily
309,per day
310,4 times a day
311,twice daily
312,twice a day
313,twice a day
314,twice daily
315,four times a day
316,4 times a day
317,4 times a day
318,4 times a day
319,4 times a day
320,daily
321,4 times a day
322,every 4-6 hours
323,per 24 hours
324,four times a day
325,every night
326,4 times a day
327,four times daily
328,four times daily
329,four times daily
330,4 times a day
331,every night
332,4 times a day
333,each night
334,each night
335,four times daily
336,four times daily
337,four times daily
338,four times daily
339,three times daily
340,three times daily
341,twice daily
342,4 x a day
343,four times a day
344,four times daily
345,4 times a day
346,four times a day
347,daily
348,ml daily
349,once weekly
350,daily
351,twice daily
352,daily
353,twice daily
354,every 2hours
355,weekly
356,daily
357,every morning
358,every 8 hours
359,4 times day
360,daily
361,3 times day
362,twice a day
363,twice daily
364,4 times day
365,weekly
366,daily
367,weekly
368,twice a day
369,twice daily
370,twice daily
371,twice daily
372,4 times a day
373,4 times day
374,four times a day
375,one daily
376,every day
377,each night
378,twice daily
379,once a day
380,3 times day
381,3 times day
382,4 times day
383,4 times day
384,daily
385,twice daily
386,daily
387,a day
388,a day
389,daily
390,twice a day
391,four times a day
392,twice daily
393,twice daily
394,twice daily
395,once a day
396,3 times a day
397,once a day
398,twice daily
399,daily
400,once a day
401,3 times a day
402,twice a day
403,twice daily
404,daily
405,daily
406,four times a day
407,three times a day
408,each morning
409,each night
410,every day
411,four times a day
412,four times a day
413,four times a day
414,four times a day
415,four times a day
416,four times a day
417,four times a dayprn
418,four times daily
419,four times daily
420,every morning
421,every morning
422,every night
423,every morning
424,every night
425,every morning
426,every night
427,every morning
428,every night
429,once a day
430,once daily
431,four times a day
432,twice a day
433,per day
434,4 times a day
435,four times a day
436,twice daily
437,twice a day
438,twice daily
439,twice a day
440,four times a day
441,twice daily
442,daily
443,every 4 to 6 hours
444,four times a day
445,four times a day
446,four times a day
447,four times a day
448,four times daily
449,twice a day
450,once daily
451,4 times a day
452,three times a day
453,four times daily
454,twice daily
455,twice a day
456,twice a day
457,twice aday
458,twice daily
459,four times daily
460,four times a day
461,daily
462,4 times a day
463,4 times a day
464,daily
465,twice daily
466,once daily
467,twice daily
468,daily
469,every night
470,once a day
471,3 times a day
472,twice daily
473,daily
474,once a day
475,once daily
476,twice daily
477,twice a day
478,twice daily
479,every 4 to 6 hours
480,every 6 hours
481,a day
482,twice daily
483,daily
484,four times a day
485,four times daily
486,every night
487,once a day
488,once a day
489,once daily
490,4 times a day
491,3 times a day
492,three times a day
493,three times daily
494,twice daily
495,twice a day
496,twice daily
497,four times daily
498,four times daily
499,a day
500,twice daily
501,daily
502,every night
503,once a day
504,4 times a day
505,4 times a day
506,3 times a day
507,twice daily
508,twice a day
509,twice daily
510,three times a day
511,three times daily
512,daily
513,each morning
514,each night
515,four times daily
516,four times daily
517,four times daily
518,three times daily
519,three times daily
520,twice a day
521,twice daily
522,twice daily
523,four times daily
524,twice a day
525,twice a day
526,twice a day
527,twice a day
528,twice daily
529,twice daily
530,four times a day
531,every 2hours
532,every two hours
533,four times a day
534,twice a day
535,twice a day
536,twice daily
537,daily
538,weekly
539,every morning
540,weekly
541,twice daily
542,twice a day
543,every day
544,3 times a day
545,3 times day
546,4 times day
547,4 times day
548,4 times day
549,daily
550,twice daily
551,twice daily
552,a day
553,daily
554,every day
555,every morning
556,per day
557,twice daily
558,daily
559,twice daily
560,twice daily
561,daily
562,every night
563,times a day
564,each night
565,three times daily
566,twice daily
567,twice a day
568,daily
569,a day
570,daily
571,every day
572,daily
573,times a day
574,every 1 5 to 3 hours
575,each night
576,daily
577,once daily
578,daily
579,4 times day
580,daily
581,every 2hours
582,daily
583,4 times day
584,4 times day
585,every 6 hours
586,every 8 hours
587,daily
588,four times a day
589,4 times day
590,three times a day
591,four times daily
592,twice daily
593,twice a day
594,twice daily
595,daily
596,a day
597,a day
598,daily
599,daily
600,daily
601,every morning
602,daily
603,daily
604,daily
605,daily
606,per day
607,every morning
608,every four to six hours
609,once daily
610,a
611,4 times a day
612,twice a day
613,once a day
614,once a day
615,alt days
616,alternate days
617,four times a day
618,twice weekly
619,1-2 times a day
620,1-2 times day
621,1-2 times day
622,2 times day
623,2-3
624,3-4 times a day
625,2-3 times a day
626,2-3 times day
627,2-3 times day
628,3 times a day
629,3 times day
630,3 times day
631,3 times day
632,3 times day
633,3 times day
634,3 times day
635,4 times daily
636,3-4 times a day
637,3-4 times day
638,3-4 times day
639,4 times a day
640,4 times day
641,5 times day
642,twice a day
643,5 hours
644,3-4 times a day
645,twice daily
646,twice daily
647,daily
648,each day
649,each morning
650,four times a day
651,four times a day
652,7 days
653,every night
654,once a day
655,once a day
656,once a day
657,once a day
658,once daily
659,one daily
660,every 3 days
661,every 72 hours
662,each week
663,each week
664,every 72 hours
665,once every 7 days
666,twice weekly
667,one weekly
668,4 times a day
669,4 times a day
670,4 times a day
671,4 times a day
672,4 times daily
673,3 times a day
674,3 times a day
675,twice daily
676,once a day
677,once a day
678,twice a day
679,twice a day
680,twice a day
681,twice a day
682,four times a day
683,four times a day
684,four times a day
685,three times a day
686,three times a day
687,three times a day
688,three times daily
689,three times daily
690,three times day
691,four times daily
692,three times daily
693,twice daily
694,three times daily
695,four times a day
696,twice a day
697,twice a day
698,twice daily
699,twice daily
700,twice each week
701,twice weekly
702,four times a day
703,four times a day
704,three times a day
705,three times a day
706,three times a day
707,every day
708,7 day
709,daily
710,twice daily
711,twice daily
712,twice daily
713,twice daily
714,once daily
715,daily
716,each day
717,twice a day
718,each night
719,every day
720,daily
721,four times a day
722,each day
723,twice daily
724,daily
725,once a day
726,each day
727,three times a day
728,twice a day
729,daily
730,every night
731,once a day
732,twice daily
733,daily
734,daily
735,daily
736,every four to six hours
737,once a day
738,once daily
739,3-4 times day
740,daily
741,once daily
742,twice daily
743,four times a day
744,twice daily
745,twice a day
746,twice daily
747,twice daily
748,four times a day
749,twice daily
750,4 times a day
751,4 times a day
752,4 times a day
753,4 times a day
754,twice daily
755,twice daily
756,four times a day
757,four times a day
758,four times a day
759,once a day
760,once daily
761,twice a day
762,twice a day
763,twice daily
764,four times a day
765,four times a day
766,once each day
767,once daily
768,twice daily
769,7 days
770,daily
771,twice a week
772,daily
773,twice daily
774,twice a day
775,every morning
776,every morning
777,once a day
778,once a day
779,once a day
780,once a day
781,once a day
782,once a day
783,once a day
784,once a week
785,once daily
786,daily
787,daily
788,four times a day
789,4 times a day
790,each day
791,four times a day
792,three times a day
793,three times daily
794,twice a day
795,a day
796,aday
797,alternate days
798,twice daily
799,daily
800,daily
801,once daily
802,daily
803,every 12 hours
804,every morning
805,four times a day
806,twice a day
807,twice daily
808,daily
809,daily
810,daily
811,daily
812,daily
813,daily
814,daily
815,6 times per 24 hours
816,each day
817,four times a day
818,twice a day
819,3 times day
820,3-4 times day
821,4 times day
822,4 times day
823,once daily
824,once daily
825,once daily
826,once daily
827,once daily
828,once daily
829,once daily
830,each day
831,each morning
832,four times a day
833,once daily
834,three times a day
835,twice a day
836,twice a day
837,twice daily
838,twice daily
839,twice daily
840,twice daily
841,twice daily
842,twice daily
843,each day
844,each evening
845,each morning
846,each night
847,each night
848,each night
849,every day
850,every other day
851,four times a day
852,once daily
853,every morning
854,once a day
855,once daily
856,three times a day
857,two daily
858,four times a day
859,four times a day
860,four times a day
861,twice a day
862,four times a day
863,four times a day
864,each morning
865,every 4 to 6 hours
866,every 4-6 hours
867,four times a day
868,every four hours
869,8 in 24 hours
870,every four hours
871,four times a day
872,four times a day
873,four times a day
874,four times daily
875,three times a day
876,four times daily
877,each day
878,every 72 hours
879,twice weekly
880,per day
881,daily
882,each day
883,four times a day
884,twice a day
885,twice a day
886,twice a day
887,twice a day
888,twice daily
889,twice daily
890,twice daily
891,twice daily
892,daily
893,each day
894,3 times day
895,once a day
896,twice a day
897,three times a day
898,twice daily
899,daily
900,every morning
901,every night
902,once a day
903,3 times a day
904,twice a day
905,twice daily
906,twice daily
907,a day
908,daily
909,twice daily
910,daily
911,daily
912,each day
913,daily
914,daily
915,once daily
916,each day
917,every day
918,every morning
919,every morning
920,every night
921,once a day
922,once a day
923,once daily
924,once daily
925,once daily
926,once daily
927,4 times a day
928,3 times a day
929,three times a day
930,three times daily
931,daily
932,every morning
933,every morning
934,every night
935,every night
936,once a day
937,3 times day
938,twice a day
939,twice daily
940,twice a day
941,twice daily
942,daily
943,3 times a day
944,three times a day
945,three times a day
946,three times a day
947,three times daily
948,twice a week
949,twice daily
950,daily
951,daily
952,once a year
953,daily
954,daily
955,daily
956,daily
957,daily
958,daily
959,each day
960,each day
961,each day morning
962,each day
963,each day
964,each day
965,each day
966,each day
967,each day
968,each day
969,each day every morning
970,each day every night
971,each day
972,each day
973,each day
974,each day
975,each day
976,each evening
977,each morning
978,each morning
979,each morning
980,each night
981,every 12 hours
982,every 4-6 hours
983,four times a day
984,every 4-6 hours
985,four times a day
986,every day
987,every morning
988,five times a day
989,four times a day
990,four times a day
991,four times a day
992,four times daily
993,every morning
994,every night
995,once a day
996,alternate days
997,each week
998,once a day
999,once daily
1000,daily every night
1001,once each day
1002,3 times a day
1003,four times daily
1004,four times daily
1005,three times a day
1006,three times a day
1007,three times a day
1008,three times a day
1009,three times daily
1010,twice a day
1011,twice a day
1012,twice daily
1013,twice daily
1014,twice each day
1015,two times a day
1016,three times a day
1017,three times a day
1018,three times a day
1019,weekly
1020,four times daily
1021,twice daily
1022,every four to six hours
1023,twice a day
1024,twice daily
1025,twice per day
1026,daily
1027,four times daily
1028,once daily
1029,twice daily
1030,twice a day
1031,four times a day
1032,three times a day
1033,times a day
1034,every day
1035,twice daily
1036,4 times day
1037,every day
1038,every morning
1039,4 times day
1040,3 times day
1041,a day
1042,twice daily
1043,daily
1044,daily
1045,daily
1046,each morning
1047,every day
1048,every day
1049,every evening
1050,every morning
1051,every morning
1052,every morning
1053,every night
1054,once a day
1055,once daily
1056,3 times day
1057,4 times day
1058,4 times day
1059,4 times day
1060,4 times day
1061,4 times day
1062,4 times day
1063,4 times day
1064,4 times day
1065,4 times day
1066,4 times day
1067,4 times day
1068,4 times day
1069,4 times day
1070,4 times day
1071,4 times day
1072,4 times day
1073,4 times day
1074,4 times day
1075,daily
1076,4 times day
1077,every 12 hrs
1078,every 4-6 hrs
1079,every 4-6 hrs
1080,four hrs
1081,four times daily
1082,four times daily
1083,four times day
1084,4 times a day
1085,six hrs
1086,4 times day
1087,4 times day
1088,4 times day
1089,four times a day
1090,four times a day
1091,four times a day
1092,4 times day
1093,4 times day
1094,4 times day
1095,4 times day
1096,4 times day
1097,4 times a day
1098,4 times day
1099,4 times day
1100,4 times day
1101,4 times day
1102,4 times day
1103,4 times day
1104,four times a day
1105,4 times day
1106,4 times day
1107,4 times a day
1108,4 times day
1109,10 days a month
1110,twice daily
1111,daily
1112,every day
1113,every night
1114,once a day
1115,once a day
1116,once daily
1117,twice a day
1118,twice daily
1119,tabletat night
1120,3 times a day
1121,three times a day
1122,three times daily
1123,twice daily
1124,twice a day
1125,twice daily
1126,daily
1127,every night
1128,twice a day
1129,daily
1130,4 times day
1131,daily
1132,4 times day
1133,4 times day
1134,a day
1135,twice daily
1136,daily
1137,each morning
1138,every day
1139,every evening
1140,four times a day
1141,four times daily
1142,every morning
1143,every night
1144,once a day
1145,once daily
1146,every 4 hours
1147,twice a day
1148,twice daily
1149,4 times a day
1150,4 times day
1151,a day
1152,twice daily
1153,daily
1154,once daily
1155,three times a day
1156,twice a day
1157,twice daily
1158,4 times day
1159,twice daily
1160,twice daily
1161,3 times a day
1162,three times a day
1163,three times daily
1164,4 times day
1165,three times daily
1166,twice daily
1167,twice a day
1168,twice daily
1169,a day
1170,daily
1171,every night
1172,daily
1173,twice daily
1174,daily
1175,daily
1176,daily
1177,per day
1178,twice daily
1179,every day
1180,daily
1181,daily
1182,each morning
1183,daily
1184,each morning
1185,once a day
1186,once a day
1187,once daily
1188,once weekly
1189,daily
1190,2 times day
1191,2 times day
1192,2 times day
1193,2-3 times day
1194,3 times day
1195,3 times day
1196,3 times day
1197,3 times day
1198,3 times day
1199,3 times day
1200,3 times day
1201,3 times day
1202,3 times day
1203,4 times a day
1204,4 times day
1205,4 times day
1206,4 times day
1207,4 times day
1208,4 times day
1209,4 times day
1210,4 times day
1211,5 times day
1212,alternate days
1213,daily
1214,each day
1215,each day
1216,each day
1217,four times a day
1218,once a day
1219,once a day
1220,once a day
1221,once daily
1222,three times a day
1223,twice a day
1224,twice daily
1225,daily
1226,daily
1227,daily
1228,daily
1229,daily
1230,daily
1231,daily
1232,daily
1233,daily
1234,daily annual
1235,daily
1236,daily
1237,daily
1238,daily
1239,daily
1240,daily
1241,daily
1242,daily
1243,daily
1244,daily
1245,daily
1246,daily
1247,daily
1248,daily
1249,daily
1250,daily
1251,daily
1252,daily every morning
1253,daily every night
1254,daily
1255,daily
1256,daily
1257,daily
1258,daily
1259,daily
1260,daily
1261,daily
1262,daily
1263,daily
1264,daily morning
1265,daily
1266,daily
1267,each day
1268,each evening
1269,each morning
1270,each morning
1271,each morning
1272,each morning
1273,each morning
1274,each morning
1275,each night
1276,each night
1277,each night
1278,every 12 hrs
1279,every 12 hrs
1280,every 4 hrs
1281,every 4-6 hrs
1282,every 4-6 hrs
1283,every day
1284,every evening
1285,every morning
1286,every morning
1287,every morning
1288,every night
1289,everyday
1290,four times a day
1291,every morning
1292,twice daily
1293,every night
1294,alternate days
1295,once daily
1296,once daily
1297,twice daily
1298,3 times day
1299,4 times day
1300,4 times day
1301,two daily
1302,four times a day
1303,four times a day
1304,four times daily
1305,four times day
1306,every 4 to 6 hours
1307,four times a day
1308,four times a day
1309,four times a day
1310,four times daily
1311,4 times day
1312,four times a day
1313,four times a day
1314,per day
1315,4 times a day
1316,twice daily
1317,daily
1318,every night
1319,once a day
1320,3 times a day
1321,3 times day
1322,a day
1323,twice daily
1324,daily
1325,daily
1326,daily
1327,daily every night
1328,daily
1329,each day
1330,each day
1331,each morning
1332,each night
1333,every day
1334,every morning
1335,every morning
1336,every night
1337,once a day
1338,once a day
1339,once a day each morning
1340,once a day
1341,once a day
1342,once a day
1343,every day
1344,once daily
1345,per day
1346,3 times a day
1347,three times a day
1348,three times daily
1349,twice daily
1350,twice a day
1351,twice a day
1352,twice daily
1353,3 times a day
1354,three times a day
1355,three times daily
1356,three times day
1357,each morning
1358,each night
1359,three times daily
1360,twice daily
1361,4 times day
1362,two daily
1363,twice daily
1364,twice daily
1365,3 times day
1366,4 times day
1367,3 times day
1368,3 times day
1369,daily
1370,each morning
1371,three times day
1372,4 times day
1373,daily
1374,daily
1375,daily
1376,twice a day
1377,twice daily
1378,daily
1379,2 times day
1380,3 times day
1381,4 times daily
1382,4 times day
1383,4 times day
1384,4 times day
1385,4 times day
1386,4 times day
1387,4 times day
1388,4 times day
1389,twice daily
1390,4 times day daily
1391,three times daily
1392,daily
1393,each morning
1394,every 12 hrs
1395,four times a day
1396,four times a day
1397,four times daily
1398,four times daily
1399,four times day
1400,every night
1401,daily
1402,once daily
1403,daily
1404,3 times day
1405,4 times a day
1406,4 times a day
1407,4 times day
1408,twice daily
1409,daily
1410,once a day
1411,once daily
1412,twice a day
1413,twice daily
1414,3 times a day
1415,three times a day
1416,twice daily
1417,4 times day
1418,twice daily
1419,4 times day
1420,daily
1421,twice daily
1422,daily
1423,times a day
1424,times a day
1425,twice a day
1426,twice a day
1427,a day
1428,daily
1429,daily
1430,three times a day
1431,daily
1432,each day
1433,three times a day
1434,twice a day
1435,twice daily
1436,each morning
1437,each night
1438,four times daily
1439,three times daily
1440,three times daily
1441,twice daily
1442,twice a day
1443,twice a day
1444,twice a day
1445,twice a day
1446,twice a week
1447,twice daily
1448,twice a day
1449,each day
1450,four times a day
1451,three times a day
1452,twice a day
1453,a day
1454,twice daily
1455,every 12 hours
1456,daily
1457,twice a day
1458,each morning
1459,every day
1460,four times a day
1461,every morning
1462,every night
1463,every night
1464,daily
1465,once daily
1466,per day
1467,2-3 times day
1468,four times a day
1469,four times a day
1470,once daily
1471,each day
1472,once daily
1473,twice a day
1474,twice daily
1475,twice a day
1476,twice a day
1477,twice daily
1478,twice daily
1479,twice daily
1480,twice daily
1481,twice daily
1482,twice daily
1483,each day
1484,daily
1485,once a day
1486,once a day
1487,twice a day
1488,twice a day
1489,twice a day
1490,twice daily
1491,daily
1492,every night
1493,once a day
1494,3 times a day
1495,three times a day
1496,four times daily
1497,twice a day
1498,twice a day
1499,twice daily
1500,twice daily
1501,three times a day
1502,twice daily
1503,daily
1504,daily
1505,each day
1506,each morning
1507,every 12 hours
1508,every 4-6 hours
1509,four times a day
1510,every 4-6 hours
1511,four times a day
1512,every 4-6 hours
1513,four times a day
1514,four times a day
1515,four times a day
1516,four times a day
1517,four times daily
1518,four times daily
1519,every four
1520,six hours
1521,each day
1522,once a day
1523,once each day
1524,three times a day
1525,three times a day
1526,twice a day
1527,twice daily
1528,every 4 to 6 hours
1529,twice a day
1530,twice daily
1531,once daily
1532,once daily
1533,four times daily
1534,1-2 times day
1535,twice a day
1536,4 times day
1537,three hours
1538,daily
1539,once daily
1540,one daily
1541,twice a day
1542,twice daily
1543,twice daily
1544,every night
1545,every night
1546,every night
1547,every night
1548,every night
1549,every night
1550,twice daily every morning
1551,every night
1552,every night
1553,every morning
1554,every night
1555,once a day every night
1556,once a day every night
1557,every night
1558,every morning
1559,every night
1560,every night
1561,every night
1562,every morning
1563,every night
1564,every night
1565,every morning
1566,every night
1567,every morning
1568,every night
1569,every morning
1570,every night
1571,every night daily
1572,once every night
1573,every morning
1574,every night
1575,twice daily
1576,every night
1577,every night
1578,every night
1579,every night
1580,every night
1581,every night
1582,every night
1583,every night
1584,every night
1585,every night
1586,nightly
1587,every night
1588,every night
1589,every night
1590,every night
1591,every night
1592,every night
1593,every night
1594,every night
1595,every night
1596,every night
1597,every night
1598,every night
1599,every night
1600,daily every night
1601,every night
1602,every night
1603,every morning
1604,every night
1605,every night
1606,every night
1607,every night
1608,every night
1609,every night
1610,every night
1611,twice a day
1612,every night
1613,every night
1614,every night
1615,every night
1616,every morning
1617,each morning
1618,every night
1619,every night
1620,every night
1621,every night
1622,every night
1623,every night
1624,every night
1625,every morning
1626,every night
1627,daily
1628,every night
1629,every night
1630,every night
1631,every morning
1632,every night
1633,every night
1634,every morning
1635,every night
1636,every night
1637,every night
1638,every night
1639,daily
1640,every night
1641,every night
1642,every night
1643,every morning
1644,every night
1645,every night
1646,every night
1647,every night
1648,twice daily
1649,every night
1650,every morning
1651,every night
1652,every night
1653,every night
1654,every night
1655,every morning
1656,every night
1657,once every night
1658,every morning
1659,every night
1660,every night
1661,every night
1662,every morning
1663,every night
1664,every night
1665,every morning
1666,every night
1667,every night
1668,every night
1669,every night
1670,every night
1671,every morning
1672,every night
1673,every night
1674,every night
1675,every night
1676,every morning
1677,every night
1678,every night
1679,daily
1680,every night
1681,every night
1682,every morning
1683,every night
1684,every night
1685,every night
1686,every night
1687,every night
1688,every night
1689,daily every night
1690,every morning
1691,every night
1692,every night
1693,each every night
1694,every night
1695,every morning
1696,every night
1697,every night
1698,every night
1699,every morning
1700,every night
1701,every night
1702,every night
1703,every morning
1704,every night
1705,every morning
1706,every night
1707,every night
1708,every night
1709,every night
1710,every morning
1711,every night
1712,every night
1713,every night
1714,every morning
1715,every night
1716,every night
1717,every night
1718,every morning
1719,every night
1720,every night
1721,every night
1722,per week
1723,every morning
1724,every night
1725,every night
1726,every night
1727,every night
1728,every morning
1729,every night
1730,daily every night
1731,every morning
1732,every night
1733,every night
1734,every night
1735,every morning
1736,every night
1737,every night
1738,every night
1739,every night
1740,once a day every night
1741,every night
1742,every night
1743,each morning
1744,every night
1745,every morning
1746,every night
1747,every night
1748,every night
1749,every night
1750,every night
1751,every night
1752,every night
1753,every night
1754,every morning
1755,every night
1756,every night
1757,every night
1758,every night
1759,every morning
1760,every night
1761,every night
1762,every morning
1763,every night
1764,every night
1765,every night
1766,every morning
1767,every night
1768,every night
1769,every night
1770,every morning
1771,every night
1772,every night
1773,every night
1774,every night
1775,daily every night
1776,every night
1777,every morning
1778,every night
1779,daily every night
1780,every night
1781,daily every night
1782,daily
1783,every night
1784,every morning
1785,every night
1786,every morning
1787,every night
1788,every morning
1789,every night
1790,every night
1791,every night
1792,every morning
1793,every night
1794,every night
1795,every night
1796,once every night
1797,every night
1798,every morning
1799,every night
1800,every morning
1801,every night
1802,every morning
1803,every night
1804,each day
1805,every night
1806,every night
1807,once a day every night
1808,every night
1809,every night
1810,every night
1811,twice a day-am
1812,every night
1813,every night
1814,every morning
1815,every night
1816,every night
1817,every night
1818,every night
1819,every night
1820,every night
1821,every night
1822,every night
1823,every morning
1824,every night
1825,every night
1826,every morning
1827,every night
1828,every night
1829,every night
1830,every night
1831,every night
1832,every night
1833,every morning
1834,every night
1835,every night
1836,every night
1837,every morning
1838,every night
1839,every night
1840,every night
1841,every night
1842,every night twice a week
1843,every morning
1844,every night
1845,daily
1846,every night
1847,every morning
1848,every night
1849,every night
1850,every night
1851,every night
1852,every night
1853,every night
1854,every night
1855,every night
1856,every night
1857,every night
1858,every morning
1859,every night
1860,every morning
1861,every night
1862,every night
1863,every night
1864,every night
1865,twice a year
1866,every night
1867,every night
1868,every night
1869,every night
