string,once weekly,twice weekly,three times weekly,every other day,once daily,twice daily,three times daily,four times daily,five times daily,every morning,every night
every other day,0,0,2,5,4,3,2,0,0,1,1
each evening,0,0,0,1,3,2,2,2,2,3,4
once daily,3,2,1,2,5,3,3,2,2,4,4
one weekly,5,4,3,2,1,0,0,0,0,0,0
every four to,0,0,0,0,2,3,4,4,2,0,0
per twenty-four hours,0,0,0,0,0,0,0,0,0,0,0
2-3 times day,0,1,1,0,1,4,4,3,1,1,1
two times a day,0,2,0,0,3,5,3,2,2,2,2
one daily,3,0,0,2,5,3,3,3,3,4,4
twice weekly,3,5,3,3,0,2,0,0,0,0,0
every four to six hours,0,0,0,0,0,3,4,4,3,0,0
two hours,0,0,0,0,0,0,0,0,0,0,0
twice a year,0,0,0,0,0,0,0,0,0,0,0
each every night,0,0,0,0,3,0,0,0,0,2,5
twice a,0,3,0,0,0,3,0,0,0,0,0
once a year,0,0,0,0,0,0,0,0,0,0,0
alt days,0,0,0,5,3,2,2,2,2,0,0
every evening,0,0,0,0,3,0,0,0,0,0,4
twenty-four hours,0,0,0,0,0,0,0,0,0,0,0
every three days,0,4,3,2,0,0,0,0,0,0,0
once every seven days,5,0,0,0,0,0,0,0,0,0,0
five times a day,0,0,0,0,2,2,2,2,5,0,0
twice a day,0,0,0,0,0,5,3,2,1,1,1
six times per twenty-four hours,0,0,0,0,0,0,0,0,0,0,0
ten days a month,0,0,0,0,0,0,0,0,0,0,0
seven day,0,0,0,0,0,0,0,0,0,0,0
3-4 times a day,0,0,2,0,0,0,4,4,0,0,0
1-2 times a day,1,1,0,0,4,4,0,0,0,0,0
every 4-6 hours,0,0,0,0,0,3,3,4,0,0,0
every 2-4 hours,0,0,0,0,0,2,3,4,4,0,0
once dailyprn,0,0,0,0,5,0,0,0,0,0,0
1-2 times day,0,0,0,0,4,4,3,2,2,1,1
each morning,0,0,0,0,3,2,1,1,1,5,1
twice per day,0,0,0,0,1,5,1,1,0,0,0
eight per day,0,0,0,0,0,0,0,0,0,0,0
each night,0,0,0,0,1,0,0,0,0,0,5
each day morning,0,0,0,0,4,2,1,0,0,5,0
2-3 times a day,0,0,0,0,0,4,4,1,0,0,0
every,0,0,0,0,0,0,0,0,0,0,0
twice a week,1,5,2,1,0,1,0,0,0,0,0
once a month,0,0,0,0,0,0,0,0,0,0,0
three hours,0,0,2,0,0,0,2,0,0,0,0
four,0,0,0,0,0,0,0,2,0,0,0
every morning,0,0,0,0,1,0,0,0,0,5,0
once daily2,1,0,0,0,5,0,0,0,0,0,0
each week,5,0,0,0,3,0,0,0,0,0,0
every one five to three hours,0,0,0,0,0,3,4,4,4,0,0
once a day every night,0,0,0,0,4,2,2,2,2,2,5
two daily,0,0,0,0,1,5,1,1,1,1,1
per day,0,0,0,0,1,1,1,1,1,1,1
twenty-four hrs,0,0,0,0,0,0,0,0,0,0,0
daily every night,0,0,0,0,4,0,0,0,0,0,5
weekly,5,1,1,1,0,0,0,0,0,0,0
each day,1,0,0,0,5,0,0,0,0,0,0
one day,1,0,0,0,3,0,0,0,0,0,0
three times a day,0,0,0,0,1,1,5,2,1,0,0
3-4 times day,0,0,0,0,0,0,4,4,2,0,0
every twelve hours,0,0,0,0,1,4,0,0,0,0,0
once,3,0,0,0,3,0,0,0,0,0,0
four hourly,0,0,0,0,0,0,3,4,3,0,0
once a day,0,0,0,0,5,1,1,1,1,2,2
three daily,0,0,0,0,1,1,5,2,2,0,0
times a day,0,0,0,0,0,0,0,0,0,0,0
every night daily,0,0,0,0,4,0,0,0,0,0,5
one night,0,0,0,0,0,0,0,0,0,0,5
five times day,0,0,0,0,0,1,1,2,5,0,0
2-3 weeks,0,0,0,0,0,0,0,0,0,0,0
nightly,0,0,0,0,3,0,0,0,0,0,5
free days,0,0,0,0,0,0,0,0,0,0,0
early evening,0,0,0,0,0,0,0,0,0,0,3
three days,0,0,3,0,0,0,3,0,0,0,0
two times weekly,1,5,1,1,0,0,0,0,0,0,0
once every night,0,0,0,0,3,0,0,0,0,0,5
every seventy-two hours,0,0,3,3,0,0,0,0,0,0,0
twice each week,1,5,1,1,0,0,0,0,0,0,0
one hour,0,0,0,0,2,0,0,0,0,0,0
daily,0,0,0,0,5,0,0,0,0,0,0
every seven days,5,1,1,1,0,0,0,0,0,0,0
four times daily,0,0,0,0,1,1,1,5,2,0,0
every day,0,0,0,0,5,0,0,0,0,0,0
twenty-six six fourteen,0,0,0,0,0,0,0,0,0,0,0
first day,0,0,0,0,0,0,0,0,0,0,0
one night morning,0,0,0,0,0,0,0,0,0,3,3
every eight hours,0,0,0,0,1,2,4,3,1,0,0
twenty-four hour,0,0,0,0,0,0,0,0,0,0,0
twice aday,0,2,0,0,0,5,0,0,0,0,0
four times day daily,0,0,0,0,1,1,2,5,2,0,0
every six hours,0,0,0,0,1,1,3,3,1,0,0
every two hours,0,0,0,0,1,1,1,2,3,0,0
every twelve hrs,0,0,0,0,1,4,0,0,0,0,0
once nightly,0,0,0,0,3,1,1,1,1,1,5
four times a day,0,0,0,0,1,3,3,5,3,1,1
4-6 hourly,0,0,0,0,0,2,3,4,2,0,0
five hours,0,0,0,0,1,2,3,2,0,0,0
a month,0,0,0,0,0,0,0,0,0,0,0
a day,0,0,0,0,4,2,2,2,2,0,0
once each day,0,0,0,0,5,2,2,2,2,0,0
four hrs,0,0,0,0,0,0,3,4,0,0,0
six hrs,0,0,0,0,0,3,4,1,0,0,0
four times a dayprn,0,0,0,0,1,1,2,3,4,0,0
three times day,0,0,0,0,1,1,5,1,1,0,0
once daily28,0,0,0,0,5,1,1,1,1,0,0
seven days,1,0,0,0,0,0,0,0,0,0,0
five days,0,0,0,0,0,0,0,0,0,0,0
every one,3,0,0,0,3,0,0,0,0,0,0
three or,0,0,0,0,0,0,0,0,0,0,0
a week,3,2,2,2,0,0,0,0,0,0,0
three,0,0,1,0,0,0,1,0,0,0,0
three times daily,0,0,0,0,1,1,5,1,1,0,0
every 2hours,0,0,0,0,0,0,0,0,2,0,0
same day,0,0,0,0,0,0,0,0,0,0,0
four times day,0,0,0,0,1,1,3,5,0,0,0
once a week,5,1,1,1,1,0,0,0,0,0,0
twice daily,0,1,0,0,1,5,1,1,1,0,0
six hours,0,0,0,0,0,0,0,0,0,0,0
four daily,0,0,0,0,1,1,1,5,1,0,0
alternate days,0,0,0,5,1,0,0,0,0,0,0
twice each day,0,0,0,0,1,5,1,1,1,0,0
tabletat night,0,0,0,0,2,0,0,0,0,0,4
daily morning,0,0,0,0,4,1,1,1,1,5,0
per week,4,1,1,1,0,0,0,0,0,0,0
once weekly,5,1,1,1,0,0,0,0,0,0,0
every night,0,0,0,0,4,0,0,0,0,0,5
two times day,0,1,0,0,1,5,1,0,0,0,0
every four hrs,0,0,0,0,1,1,4,4,0,0,0
every 4-6 hrs,0,0,0,0,1,1,4,3,0,0,0
every four hours,0,0,0,0,1,1,4,4,0,0,0