,prescriber_dosage,string2
22,1 -2 FOUR TIMES A DAY AS REQUIRED,1 -2 four times a day as required
37,1 -2 three times a day as required,1 -2 three times a day as required
88,1 CAPSULE THREE TIMES A DAY,1 capsule three times a day
102,1 DAILY FOR HEART,1 daily for heart
195,1 sachet twice a day,1 sachet twice a day
203,1 tab bd,1 tab bd
290,1 THREE TIMES A DAY WITH MEALS,1 three times a day with meals
333,1-2 at night time prn,1-2 at night time prn
381,1-2 To be taken Each Night When Required,1-2 to be taken each night when required
383,1-2 To be taken Four Times Daily PRN. CONTAINS PARACETAMOL,1-2 to be taken four times daily prn. contains paracetamol
427,1ml 4 times a day,1ml 4 times a day
490,2 prn max qds,2 prn max qds
507,2 PUFFS FOUR TIMES A DAY AS REQUIRED,2 puffs four times a day as required
514,2 PUFFS THREE TIMES A DAY AS REQUIRED,2 puffs three times a day as required
543,2 tablets a day,2 tablets a day
576,2 to be taken daily,2 to be taken daily
696,alternate days,alternate days
715,apply 3 times/day when required,apply 3 times/day when required
748,apply one every 72 hours,apply one every 72 hours
843,"For Subcutaneous Injection, Immediately Before Meals Or When Necessary Shortly After Meals According To Requirements","for subcutaneous injection, immediately before meals or when necessary shortly after meals according to requirements"
901,inhale 2 doses upto four times a day to relieve asthma. Breathe in slowly and deeply(SABA),inhale 2 doses upto four times a day to relieve asthma. breathe in slowly and deeply(saba)
936,ONCE A DAY AT NIGHT FRO CHOLETROL CONTROL,once a day at night fro choletrol control
941,one  daily,one daily
971,one capsule twice daily,one capsule twice daily
1013,one drop twice daily to right eye,one drop twice daily to right eye
1024,ONE INHALATION ONCE DAILY,one inhalation once daily
1047,One Or Two To Be Taken Four Times A Day When Required,one or two to be taken four times a day when required
1053,One Patch To Be Applied Twice Weekly,one patch to be applied twice weekly
1121,"ONE tablet to be taken only when needed, upto 3 times/day. Short term use only; prolonged use may lead to dependence","one tablet to be taken only when needed, upto 3 times/day. short term use only; prolonged use may lead to dependence"
1129,ONE THREE TIMES A DAY AS REQUIRED,one three times a day as required
1173,One To Be Taken Each Evening,one to be taken each evening
1232,One To Be Taken Up To Three Times A Day prn,one to be taken up to three times a day prn
1322,Take 1 or 2 tablets four times a day,take 1 or 2 tablets four times a day
1406,take 2 to 4 4 times/day,take 2 to 4 4 times/day
1433,take four at night,take four at night
1455,Take one 3 times/day 20 minutes before meals,take one 3 times/day 20 minutes before meals
1575,TAKE ONE EVERY DAY,take one every day
1589,take one in the morning,take one in the morning
1593,take one night,take one night
1608,take one or two at night,take one or two at night
1646,Take one tablet each morning,take one tablet each morning
1673,take one three times a day,take one three times a day
1696,take one twice daily with food,take one twice daily with food
1705,"take one, daily","take one, daily"
1718,take two  daily,take two daily
1749,Take two tablets 4 times a day,take two tablets 4 times a day
1880,Two To Be Taken Four Times A Day prn,two to be taken four times a day prn
1965,two tablet nocte,two tablet nocte
1984,20 mg nocte for high cholestrol instead of simvastatin- as per new clinical guidance,20 mg nocte for high cholestrol instead of simvastatin- as per new clinical guidance
2091,2 capsules nocte,2 capsules nocte
