[{"id": 2777, "data": "take one daily", "label": [[5, 8, "QUANTITY"], [9, 14, "FREQUENCY"]], "prescriber_dosage": "#take one daily", "labels_worded": [["one daily", "FREQUENCY"]]}
,{"id": 2778, "data": "this is co-codamol take 1 or 2 up to 4 times a day when required max 8 tabs in 24hrs", "label": [[37, 50, "FREQUENCY"], [69, 70, "QUANTITY"], [24, 30, "QUANTITY"]], "prescriber_dosage": "(!THIS IS CO-CODAMOL!!)TAKE 1 OR 2 UP TO 4 TIMES A DAY WHEN REQUIRED MAX 8 TABS IN 24HRS", "labels_worded": [["this", "QUANTITY"], ["1 or", "QUANTITY"], ["2", "QUANTITY"], ["4 times a day", "FREQUENCY"], ["8", "QUANTITY"]]}
,{"id": 2779, "data": "2mg four twice daily as needed (also pertactin, a key antigen of ac. pertussis vaccine) max 4mg 24hours", "label": [[9, 21, "FREQUENCY"], [4, 8, "QUANTITY"]], "prescriber_dosage": "(2mg) four BD PRN max 4mg/24hours", "labels_worded": [["four twice daily", "FREQUENCY"]]}
,{"id": 2780, "data": "buprenorphine apply one patch and replace every 7 days as directed", "label": [[20, 23, "QUANTITY"], [42, 54, "FREQUENCY"]], "prescriber_dosage": "(Buprenorphine) Apply one patch and replace every 7 days as directed", "labels_worded": [["one", "QUANTITY"], ["7 days", "FREQUENCY"]]}
,{"id": 2781, "data": "co-codamol 30 500 one or two caplets to be taken every 4-6 hours as directed for pain relief up to 8 in 24 hours do not take paracetamol containing preparations at the same time", "label": [[0, 10, "QUANTITY"], [11, 13, "QUANTITY"], [49, 64, "FREQUENCY"], [99, 100, "QUANTITY"], [18, 28, "QUANTITY"]], "prescriber_dosage": "(Co-codamol 30/500) ONE or TWO caplets to be taken every 4-6 hours as directed for pain relief up to 8 in 24 hours. Do not take paracetamol containing preparations at the same time", "labels_worded": [["co-codamol", "QUANTITY"], ["30", "QUANTITY"], ["one", "QUANTITY"], ["two", "FREQUENCY"], ["every 4-6 hours", "FREQUENCY"], ["8", "QUANTITY"], ["24 hours", "FREQUENCY"]]}
,{"id": 2782, "data": "for 7 day course take one 3 times day", "label": [[26, 37, "FREQUENCY"], [22, 25, "QUANTITY"]], "prescriber_dosage": "(For 7 day course) take one 3 times/day", "labels_worded": [["7 day", "FREQUENCY"], ["3 times day", "FREQUENCY"]]}
,{"id": 2783, "data": "for 7 day course take one 4 times day", "label": [[26, 37, "FREQUENCY"], [22, 25, "QUANTITY"]], "prescriber_dosage": "(For 7 day course) take one 4 times/day", "labels_worded": [["7 day", "FREQUENCY"], ["4 times day", "FREQUENCY"]]}
,{"id": 2784, "data": "ibuprofen apply to the affected area and rub in gently up to three times a day", "label": [[61, 78, "FREQUENCY"]], "prescriber_dosage": "(Ibuprofen) Apply to the affected area and rub in gently up to THREE times a day", "labels_worded": [["three times a day", "FREQUENCY"]]}
,{"id": 2785, "data": "salbutamol inhale 1-2 puffs 4 times a day as needed (also pertactin, a key antigen of ac. pertussis vaccine) for shortness of breath", "label": [[18, 21, "QUANTITY"], [28, 41, "FREQUENCY"]], "prescriber_dosage": "(SALBUTAMOL) INHALE 1-2 PUFFS QDS PRN (FOR SHORTNESS OF BREATH)", "labels_worded": [["1-2", "QUANTITY"], ["4 times a day", "FREQUENCY"]]}
,{"id": 2786, "data": "tamsulosin m r take one daily", "label": [[20, 23, "QUANTITY"], [24, 29, "FREQUENCY"]], "prescriber_dosage": "(Tamsulosin m/r) Take ONE daily", "labels_worded": [["m", "QUANTITY"], ["one daily", "FREQUENCY"]]}
,{"id": 2787, "data": "0 5 to 1 on sparingly as needed (also pertactin, a key antigen of ac. pertussis vaccine) to aid sleeping these tablets are addictive so do not take regularly", "label": [[0, 8, "QUANTITY"]], "prescriber_dosage": "0.5 TO 1 ON SPARINGLY PRN (TO AID SLEEPING)(THESE TABLETS ARE ADDICTIVE SO DO NOT TAKE REGULARLY)", "labels_worded": [["0", "QUANTITY"], ["5", "QUANTITY"], ["1", "QUANTITY"]]}
,{"id": 2788, "data": "0 6ml to be taken each day", "label": [[18, 26, "FREQUENCY"], [0, 5, "QUANTITY"]], "prescriber_dosage": "0.6ml To Be Taken Each Day", "labels_worded": [["0", "QUANTITY"], ["each day", "FREQUENCY"]]}
,{"id": 2789, "data": "0 75 mg 0 5 ml once weekly by subcutaneous injection", "label": [[8, 14, "QUANTITY"], [0, 7, "QUANTITY"], [15, 26, "FREQUENCY"]], "prescriber_dosage": "0.75 mg (0.5 ml) Once Weekly By Subcutaneous Injection", "labels_worded": [["0", "QUANTITY"], ["75", "QUANTITY"], ["0", "FREQUENCY"], ["5 ml once weekly", "FREQUENCY"]]}
,{"id": 2790, "data": "0ne daily", "label": [[4, 9, "FREQUENCY"], [0, 3, "QUANTITY"]], "prescriber_dosage": "0NE DAILY", "labels_worded": [["daily", "FREQUENCY"]]}
,{"id": 2791, "data": "1 daily", "label": [[0, 1, "QUANTITY"], [2, 7, "FREQUENCY"]], "prescriber_dosage": "1  daily", "labels_worded": [["1 daily", "FREQUENCY"]]}
,{"id": 2792, "data": "1 to be taken twice daily", "label": [[0, 1, "QUANTITY"], [14, 25, "FREQUENCY"]], "prescriber_dosage": "1  To be taken Twice Daily", "labels_worded": [["1", "QUANTITY"], ["twice daily", "FREQUENCY"]]}
,{"id": 2793, "data": "1 - 2 four times a day as required", "label": [[6, 22, "FREQUENCY"], [0, 5, "QUANTITY"]], "prescriber_dosage": "1 - 2 FOUR TIMES A DAY AS REQUIRED", "labels_worded": [["1", "QUANTITY"], ["-", "QUANTITY"], ["2", "QUANTITY"], ["four times a day", "FREQUENCY"]]}
,{"id": 2794, "data": "1 -2 as required", "label": [[0, 4, "QUANTITY"]], "prescriber_dosage": "1 -2 AS REQUIRED", "labels_worded": [["1", "QUANTITY"], ["-", "QUANTITY"], ["2", "QUANTITY"]]}
,{"id": 2795, "data": "1 -2 as required four times a day", "label": [[17, 33, "FREQUENCY"], [0, 4, "QUANTITY"]], "prescriber_dosage": "1 -2 as required four times a day", "labels_worded": [["1", "QUANTITY"], ["-", "QUANTITY"], ["2", "QUANTITY"], ["four times a day", "FREQUENCY"]]}
,{"id": 2796, "data": "1 -2 as required max four times a day", "label": [[21, 37, "FREQUENCY"], [0, 4, "QUANTITY"]], "prescriber_dosage": "1 -2 AS REQUIRED MAX FOUR TIMES A DAY", "labels_worded": [["1", "QUANTITY"], ["-", "QUANTITY"], ["2", "QUANTITY"], ["four times a day", "FREQUENCY"]]}
,{"id": 2797, "data": "1 -2 at night", "label": [[0, 4, "QUANTITY"]], "prescriber_dosage": "1 -2 at night", "labels_worded": [["1", "QUANTITY"], ["-", "QUANTITY"], ["2 at night", "FREQUENCY"]]}
,{"id": 2798, "data": "1 -2 daily", "label": [[0, 4, "QUANTITY"], [5, 10, "FREQUENCY"]], "prescriber_dosage": "1 -2 DAILY", "labels_worded": [["1", "QUANTITY"], ["-", "QUANTITY"], ["2 daily", "FREQUENCY"]]}
,{"id": 2799, "data": "1 -2 four times a day as required", "label": [[0, 4, "QUANTITY"], [5, 21, "FREQUENCY"]], "prescriber_dosage": "1 -2 FOUR TIMES A DAY AS REQUIRED", "labels_worded": [["1", "QUANTITY"], ["-", "QUANTITY"], ["2", "QUANTITY"], ["four times a day", "FREQUENCY"]]}
,{"id": 2800, "data": "1 -2 four times a day as required for pain", "label": [[0, 4, "QUANTITY"], [5, 21, "FREQUENCY"]], "prescriber_dosage": "1 -2 FOUR TIMES A DAY AS REQUIRED FOR PAIN", "labels_worded": [["1", "QUANTITY"], ["-", "QUANTITY"], ["2", "QUANTITY"], ["four times a day", "FREQUENCY"]]}
,{"id": 2801, "data": "1 -2 four times a day as needed (also pertactin, a key antigen of ac. pertussis vaccine)", "label": [[0, 4, "QUANTITY"], [5, 21, "FREQUENCY"]], "prescriber_dosage": "1 -2 FOUR TIMES A DAY/PRN", "labels_worded": [["1", "QUANTITY"], ["-", "QUANTITY"], ["2", "QUANTITY"], ["four times a day", "FREQUENCY"], [")", "FREQUENCY"]]}
,{"id": 2802, "data": "1 -2 four times a dayprn", "label": [[0, 4, "QUANTITY"], [5, 21, "FREQUENCY"]], "prescriber_dosage": "1 -2 FOUR TIMES A DAYPRN", "labels_worded": [["1", "QUANTITY"], ["-", "QUANTITY"], ["2", "QUANTITY"], ["four times a dayprn", "FREQUENCY"]]}
,{"id": 2803, "data": "1 -2 max four times a day", "label": [[0, 4, "QUANTITY"], [9, 25, "FREQUENCY"]], "prescriber_dosage": "1 -2 MAX FOUR TIMES A DAY", "labels_worded": [["1", "QUANTITY"], ["-", "QUANTITY"], ["2", "QUANTITY"], ["four times a day", "FREQUENCY"]]}
,{"id": 2804, "data": "1 -2 once daily", "label": [[0, 4, "QUANTITY"], [5, 14, "FREQUENCY"]], "prescriber_dosage": "1 -2 ONCE DAILY", "labels_worded": [["1", "QUANTITY"], ["-", "QUANTITY"], ["2 once daily", "FREQUENCY"]]}
,{"id": 2805, "data": "1 -2 p four times a day as required", "label": [[0, 4, "QUANTITY"], [7, 23, "FREQUENCY"]], "prescriber_dosage": "1 -2 P FOUR TIMES A DAY AS REQUIRED", "labels_worded": [["1", "QUANTITY"], ["-", "QUANTITY"], ["2", "QUANTITY"], ["four times a day", "FREQUENCY"]]}
,{"id": 2806, "data": "1 -2 puffs as required", "label": [[0, 4, "QUANTITY"]], "prescriber_dosage": "1 -2 PUFFS AS REQUIRED", "labels_worded": [["1", "QUANTITY"], ["-", "QUANTITY"], ["2", "QUANTITY"]]}
,{"id": 2807, "data": "1 -2 puffs four times a day", "label": [[0, 4, "QUANTITY"], [11, 27, "FREQUENCY"]], "prescriber_dosage": "1 -2 PUFFS FOUR TIMES A DAY", "labels_worded": [["1", "QUANTITY"], ["-", "QUANTITY"], ["2", "QUANTITY"], ["four times a day", "FREQUENCY"]]}
,{"id": 2808, "data": "1 -2 puffs four times a day as required", "label": [[0, 4, "QUANTITY"], [11, 27, "FREQUENCY"]], "prescriber_dosage": "1 -2 PUFFS FOUR TIMES A DAY AS REQUIRED", "labels_worded": [["1", "QUANTITY"], ["-", "QUANTITY"], ["2", "QUANTITY"], ["four times a day", "FREQUENCY"]]}
,{"id": 2809, "data": "1 -2 puffs four times a day as required or as directed", "label": [[0, 4, "QUANTITY"], [11, 27, "FREQUENCY"]], "prescriber_dosage": "1 -2 PUFFS FOUR TIMES A DAY AS REQUIRED OR AS DIRECTED", "labels_worded": [["1", "QUANTITY"], ["-", "QUANTITY"], ["2", "QUANTITY"], ["four times a day", "FREQUENCY"]]}
,{"id": 2810, "data": "1 -2 puffs twice a day", "label": [[0, 4, "QUANTITY"], [11, 22, "FREQUENCY"]], "prescriber_dosage": "1 -2 PUFFS TWICE A DAY", "labels_worded": [["1", "QUANTITY"], ["-", "QUANTITY"], ["2", "QUANTITY"], ["twice a day", "FREQUENCY"]]}
,{"id": 2811, "data": "1 -2 4 times a day as required", "label": [[0, 4, "QUANTITY"], [5, 18, "FREQUENCY"]], "prescriber_dosage": "1 -2 QID AS REQUIRED", "labels_worded": [["1", "QUANTITY"], ["-", "QUANTITY"], ["2", "QUANTITY"], ["4 times a day", "FREQUENCY"]]}
,{"id": 2812, "data": "1 -2 tabs four times a day as required", "label": [[0, 4, "QUANTITY"], [10, 26, "FREQUENCY"]], "prescriber_dosage": "1 -2 TABS FOUR TIMES A DAY AS REQUIRED", "labels_worded": [["1", "QUANTITY"], ["-", "QUANTITY"], ["2", "QUANTITY"], ["four times a day", "FREQUENCY"]]}
,{"id": 2813, "data": "1 -2 tabsqds", "label": [[0, 4, "QUANTITY"]], "prescriber_dosage": "1 -2 TABSQDS", "labels_worded": [["1", "QUANTITY"], ["-", "QUANTITY"], ["2 tabsqds", "FREQUENCY"]]}
,{"id": 2814, "data": "1 -2 three times a day as required", "label": [[0, 4, "QUANTITY"], [5, 22, "FREQUENCY"]], "prescriber_dosage": "1 -2 three times a day as required", "labels_worded": [["1", "QUANTITY"], ["-", "QUANTITY"], ["2", "QUANTITY"], ["three times a day", "FREQUENCY"]]}
,{"id": 2815, "data": "1 -2 up to four times a day as required", "label": [[11, 27, "FREQUENCY"], [0, 4, "QUANTITY"]], "prescriber_dosage": "1 -2 UP TO FOUR TIMES A DAY AS REQUIRED", "labels_worded": [["1", "QUANTITY"], ["-", "QUANTITY"], ["2", "QUANTITY"], ["four times a day", "FREQUENCY"]]}
,{"id": 2816, "data": "1 -2 upto four times a day", "label": [[10, 26, "FREQUENCY"], [0, 4, "QUANTITY"]], "prescriber_dosage": "1 -2 UPTO FOUR TIMES A DAY", "labels_worded": [["1", "QUANTITY"], ["-", "QUANTITY"], ["2", "QUANTITY"], ["four times a day", "FREQUENCY"]]}
,{"id": 2817, "data": "1 a day", "label": [[0, 1, "QUANTITY"], [2, 7, "FREQUENCY"]], "prescriber_dosage": "1 a day", "labels_worded": [["1", "QUANTITY"], ["a day", "FREQUENCY"]]}
,{"id": 2818, "data": "1 a day at the same time daily for 21 days then 7 days off then repeat", "label": [[0, 1, "QUANTITY"], [2, 7, "FREQUENCY"], [25, 30, "FREQUENCY"]], "prescriber_dosage": "1 A DAY AT THE SAME TIME DAILY FOR 21 DAYS THEN 7 DAYS OFF THEN REPEAT", "labels_worded": [["1", "QUANTITY"], ["a day", "FREQUENCY"], ["21 days", "FREQUENCY"], ["7 days", "FREQUENCY"]]}
,{"id": 2819, "data": "1 a month", "label": [[0, 1, "QUANTITY"], [2, 9, "FREQUENCY"]], "prescriber_dosage": "1 a month", "labels_worded": [["1", "QUANTITY"], ["a month", "FREQUENCY"]]}
,{"id": 2820, "data": "1 a week", "label": [[0, 1, "QUANTITY"], [2, 8, "FREQUENCY"]], "prescriber_dosage": "1 a week", "labels_worded": [["1", "QUANTITY"], ["a week", "FREQUENCY"]]}
,{"id": 2821, "data": "1 after evening meal to lower cholesterol avoid grapefruit", "label": [[0, 1, "QUANTITY"], [2, 20, "MEALTIME"]], "prescriber_dosage": "1 AFTER EVENING MEAL TO LOWER CHOLESTEROL AVOID GRAPEFRUIT", "labels_worded": [["1", "QUANTITY"], ["after evening", "MEALTIME"], ["grapefruit", "FREQUENCY"]]}
,{"id": 2822, "data": "1 alt days", "label": [[0, 1, "QUANTITY"], [2, 10, "FREQUENCY"]], "prescriber_dosage": "1 alt days", "labels_worded": [["1", "QUANTITY"]]}
,{"id": 2823, "data": "1 alternate days", "label": [[0, 1, "QUANTITY"], [2, 16, "FREQUENCY"]], "prescriber_dosage": "1 alternate days", "labels_worded": [["1", "QUANTITY"], ["alternate days", "FREQUENCY"]]}
,{"id": 2824, "data": "1 morning", "label": [[0, 1, "QUANTITY"]], "prescriber_dosage": "1 am", "labels_worded": [["1 morning", "FREQUENCY"]]}
,{"id": 2825, "data": "1 ampoule a month to continue indefinitely", "label": [[0, 1, "QUANTITY"], [10, 17, "FREQUENCY"]], "prescriber_dosage": "1 ampoule a month (to continue indefinitely)", "labels_worded": [["1", "QUANTITY"], ["a month", "FREQUENCY"]]}
,{"id": 2826, "data": "1 application - three times a day - topical", "label": [[0, 1, "QUANTITY"], [16, 35, "FREQUENCY"]], "prescriber_dosage": "1 application - THREE times a DAY - topical", "labels_worded": [["1", "QUANTITY"], ["-", "QUANTITY"], ["three times a day -", "FREQUENCY"]]}
,{"id": 2827, "data": "1 application - twice a day - topical", "label": [[0, 1, "QUANTITY"], [16, 27, "FREQUENCY"]], "prescriber_dosage": "1 application - TWICE a DAY - topical", "labels_worded": [["1", "QUANTITY"], ["- twice a day -", "FREQUENCY"]]}
,{"id": 2828, "data": "1 as directed", "label": [[0, 1, "QUANTITY"]], "prescriber_dosage": "1 as directed", "labels_worded": [["1", "QUANTITY"]]}
,{"id": 2829, "data": "1 as required", "label": [[0, 1, "QUANTITY"]], "prescriber_dosage": "1 AS REQUIRED", "labels_worded": [["1", "QUANTITY"]]}
,{"id": 2830, "data": "1 at 18 00hrs", "label": [[0, 1, "QUANTITY"], [5, 13, "MEALTIME"]], "prescriber_dosage": "1 at 18:00hrs", "labels_worded": [["1", "QUANTITY"], ["18 00hrs", "FREQUENCY"]]}
,{"id": 2831, "data": "1 at 8pm may cause drowsiness", "label": [[0, 1, "QUANTITY"]], "prescriber_dosage": "1 at 8pm, may cause drowsiness", "labels_worded": [["1", "QUANTITY"]]}
,{"id": 2832, "data": "1 at bedtime", "label": [[0, 1, "QUANTITY"]], "prescriber_dosage": "1 at bedtime", "labels_worded": [["1", "QUANTITY"]]}
,{"id": 2833, "data": "1 at morning", "label": [[0, 1, "QUANTITY"], [2, 12, "MEALTIME"]], "prescriber_dosage": "1 At Morning", "labels_worded": [["1", "QUANTITY"], ["at morning", "MEALTIME"]]}
,{"id": 2834, "data": "1 at morning with food", "label": [[0, 1, "QUANTITY"], [2, 12, "MEALTIME"]], "prescriber_dosage": "1 At Morning with food", "labels_worded": [["1", "QUANTITY"]]}
,{"id": 2835, "data": "1 at night", "label": [[0, 1, "QUANTITY"]], "prescriber_dosage": "1 at night", "labels_worded": [["1", "QUANTITY"]]}
,{"id": 2836, "data": "1 at night for cholesterol", "label": [[0, 1, "QUANTITY"]], "prescriber_dosage": "1 AT NIGHT FOR CHOLESTEROL", "labels_worded": [["1", "QUANTITY"]]}
,{"id": 2837, "data": "1 at night as needed (also pertactin, a key antigen of ac. pertussis vaccine)", "label": [[0, 1, "QUANTITY"], [76, 77, "FREQUENCY"]], "prescriber_dosage": "1 at night prn", "labels_worded": [["1", "QUANTITY"], [")", "FREQUENCY"]]}
,{"id": 2838, "data": "1 at night to lower cholesterol", "label": [[0, 1, "QUANTITY"]], "prescriber_dosage": "1 AT NIGHT TO LOWER CHOLESTEROL", "labels_worded": [["1", "QUANTITY"]]}
,{"id": 2839, "data": "1 at night when required", "label": [[0, 1, "QUANTITY"]], "prescriber_dosage": "1 AT NIGHT WHEN REQUIRED", "labels_worded": [["1", "QUANTITY"]]}
,{"id": 2840, "data": "1 twice daily after food", "label": [[0, 1, "QUANTITY"], [2, 13, "FREQUENCY"], [14, 24, "MEALTIME"]], "prescriber_dosage": "1 bd after food", "labels_worded": [["1", "QUANTITY"], ["twice daily after", "FREQUENCY"]]}
,{"id": 2841, "data": "1 twice daily as directed", "label": [[0, 1, "QUANTITY"], [2, 13, "FREQUENCY"]], "prescriber_dosage": "1 bd as directed", "labels_worded": [["1", "QUANTITY"], ["twice daily", "FREQUENCY"]]}
,{"id": 2842, "data": "1 twice daily with meals", "label": [[0, 1, "QUANTITY"], [2, 13, "FREQUENCY"], [14, 24, "MEALTIME"]], "prescriber_dosage": "1 bd with meals", "labels_worded": [["1", "QUANTITY"], ["twice daily with meals", "FREQUENCY"]]}
,{"id": 2843, "data": "1 cap once a day", "label": [[0, 1, "QUANTITY"], [6, 16, "FREQUENCY"]], "prescriber_dosage": "1 CAP  OD", "labels_worded": [["1", "QUANTITY"], ["once a day", "FREQUENCY"]]}
,{"id": 2844, "data": "1 cap twice daily", "label": [[0, 1, "QUANTITY"], [6, 17, "FREQUENCY"]], "prescriber_dosage": "1 cap bd", "labels_worded": [["1", "QUANTITY"], ["twice daily", "FREQUENCY"]]}
,{"id": 2845, "data": "1 cap daily", "label": [[0, 1, "QUANTITY"], [6, 11, "FREQUENCY"]], "prescriber_dosage": "1 CAP DAILY", "labels_worded": [["1", "QUANTITY"], ["daily", "FREQUENCY"]]}
,{"id": 2846, "data": "1 cap every day", "label": [[0, 1, "QUANTITY"], [6, 15, "FREQUENCY"]], "prescriber_dosage": "1 CAP EVERY DAY", "labels_worded": [["1", "QUANTITY"], ["every day", "FREQUENCY"]]}
,{"id": 2847, "data": "1 cap once daily", "label": [[0, 1, "QUANTITY"], [6, 16, "FREQUENCY"]], "prescriber_dosage": "1 CAP ONCE DAILY", "labels_worded": [["1", "QUANTITY"], ["once daily", "FREQUENCY"]]}
,{"id": 2848, "data": "1 cap 3 times a day", "label": [[0, 1, "QUANTITY"], [6, 19, "FREQUENCY"]], "prescriber_dosage": "1 cap tds", "labels_worded": [["1", "QUANTITY"], ["3 times a day", "FREQUENCY"]]}
,{"id": 2849, "data": "1 capsule - every 6 hours - an hour before food or on an empty stomach - oral", "label": [[0, 1, "QUANTITY"], [12, 26, "FREQUENCY"], [28, 47, "MEALTIME"]], "prescriber_dosage": "1 capsule - every 6 hours - an hour before food or on an empty stomach - oral", "labels_worded": [["1", "QUANTITY"], ["- every", "FREQUENCY"], ["6 hours - an hour", "FREQUENCY"]]}
,{"id": 2850, "data": "1 capsule - every 8 hours - oral", "label": [[0, 1, "QUANTITY"], [12, 25, "FREQUENCY"]], "prescriber_dosage": "1 capsule - every 8 hours - oral", "labels_worded": [["1", "QUANTITY"], ["- every", "FREQUENCY"], ["8 hours -", "FREQUENCY"]]}
,{"id": 2851, "data": "1 capsule - every morning - half to one hour before food - oral", "label": [[0, 1, "QUANTITY"], [28, 56, "MEALTIME"], [12, 25, "FREQUENCY"]], "prescriber_dosage": "1 capsule - every MORNING - half to one hour before food - oral", "labels_worded": [["1", "QUANTITY"], ["- every morning -", "FREQUENCY"], ["one hour", "FREQUENCY"]]}
,{"id": 2852, "data": "1 capsule - once a day - oral", "label": [[0, 1, "QUANTITY"], [12, 22, "FREQUENCY"]], "prescriber_dosage": "1 capsule - ONCE a DAY - oral", "labels_worded": [["1", "QUANTITY"], ["- once a day -", "FREQUENCY"]]}
,{"id": 2853, "data": "1 capsule - twice a day - with or after food - oral - for 7 days", "label": [[0, 1, "QUANTITY"], [12, 23, "FREQUENCY"], [26, 44, "MEALTIME"]], "prescriber_dosage": "1 capsule - TWICE a DAY - with or after food - oral - for 7 days", "labels_worded": [["1", "QUANTITY"], ["- twice a day -", "FREQUENCY"], ["-", "QUANTITY"], ["-", "QUANTITY"], ["7 days", "FREQUENCY"]]}
,{"id": 2854, "data": "1 capsule 4 hourly when required", "label": [[0, 1, "QUANTITY"], [10, 18, "FREQUENCY"]], "prescriber_dosage": "1 CAPSULE 4 HOURLY WHEN REQUIRED.", "labels_worded": [["1", "QUANTITY"], ["4 hourly", "FREQUENCY"]]}
,{"id": 2855, "data": "1 capsule at night", "label": [[0, 1, "QUANTITY"], [10, 18, "FREQUENCY"]], "prescriber_dosage": "1 CAPSULE AT NIGHT", "labels_worded": [["1", "QUANTITY"], ["at night", "FREQUENCY"]]}
,{"id": 2856, "data": "1 capsule twice daily", "label": [[0, 1, "QUANTITY"], [10, 21, "FREQUENCY"]], "prescriber_dosage": "1 CAPSULE BD", "labels_worded": [["1", "QUANTITY"], ["twice daily", "FREQUENCY"]]}
,{"id": 2857, "data": "1 capsule daily", "label": [[0, 1, "QUANTITY"], [10, 15, "FREQUENCY"]], "prescriber_dosage": "1 CAPSULE DAILY", "labels_worded": [["1", "QUANTITY"], ["daily", "FREQUENCY"]]}
,{"id": 2858, "data": "1 capsule four times a day", "label": [[0, 1, "QUANTITY"], [10, 26, "FREQUENCY"]], "prescriber_dosage": "1 CAPSULE FOUR TIMES A DAY", "labels_worded": [["1", "QUANTITY"], ["four times a day", "FREQUENCY"]]}
,{"id": 2859, "data": "1 capsule in the morning", "label": [[0, 1, "QUANTITY"], [13, 24, "MEALTIME"]], "prescriber_dosage": "1 CAPSULE IN THE MORNING", "labels_worded": [["1", "QUANTITY"], ["the morning", "FREQUENCY"]]}
,{"id": 2860, "data": "1 capsule once a day", "label": [[0, 1, "QUANTITY"], [10, 20, "FREQUENCY"]], "prescriber_dosage": "1 CAPSULE ONCE A DAY", "labels_worded": [["1", "QUANTITY"], ["once a day", "FREQUENCY"]]}
,{"id": 2861, "data": "1 capsule once a day as needed (also pertactin, a key antigen of ac. pertussis vaccine)", "label": [[0, 1, "QUANTITY"], [10, 20, "FREQUENCY"]], "prescriber_dosage": "1 CAPSULE ONCE A DAY PRN", "labels_worded": [["1", "QUANTITY"], ["once a day", "FREQUENCY"], [")", "FREQUENCY"]]}
,{"id": 2862, "data": "1 capsule once a day when required", "label": [[0, 1, "QUANTITY"], [10, 20, "FREQUENCY"]], "prescriber_dosage": "1 CAPSULE ONCE A DAY WHEN REQUIRED", "labels_worded": [["1", "QUANTITY"], ["once a day", "FREQUENCY"]]}
,{"id": 2863, "data": "1 capsule once daily", "label": [[0, 1, "QUANTITY"], [10, 20, "FREQUENCY"]], "prescriber_dosage": "1 CAPSULE ONCE DAILY", "labels_worded": [["1", "QUANTITY"], ["once daily", "FREQUENCY"]]}
,{"id": 2864, "data": "1 capsule once daily", "label": [[0, 1, "QUANTITY"], [10, 20, "FREQUENCY"]], "prescriber_dosage": "1 CAPSULE ONCE DAILY.", "labels_worded": [["1", "QUANTITY"], ["once daily", "FREQUENCY"]]}
,{"id": 2865, "data": "1 capsule three times a day", "label": [[0, 1, "QUANTITY"], [10, 27, "FREQUENCY"]], "prescriber_dosage": "1 CAPSULE THREE TIMES A DAY", "labels_worded": [["1", "QUANTITY"], ["three times a day", "FREQUENCY"]]}
,{"id": 2866, "data": "1 capsule three times daily", "label": [[0, 1, "QUANTITY"], [10, 27, "FREQUENCY"]], "prescriber_dosage": "1 CAPSULE THREE TIMES DAILY", "labels_worded": [["1", "QUANTITY"], ["three times daily", "FREQUENCY"]]}
,{"id": 2867, "data": "1 capsule twice a day", "label": [[0, 1, "QUANTITY"], [10, 21, "FREQUENCY"]], "prescriber_dosage": "1 CAPSULE TWICE A DAY", "labels_worded": [["1", "QUANTITY"], ["twice a day", "FREQUENCY"]]}
,{"id": 2868, "data": "1 capsule twice daily", "label": [[0, 1, "QUANTITY"], [10, 21, "FREQUENCY"]], "prescriber_dosage": "1 CAPSULE TWICE DAILY", "labels_worded": [["1", "QUANTITY"], ["twice daily", "FREQUENCY"]]}
,{"id": 2869, "data": "1 daily", "label": [[0, 1, "QUANTITY"], [2, 7, "FREQUENCY"]], "prescriber_dosage": "1 daily", "labels_worded": [["1 daily", "FREQUENCY"]]}
,{"id": 2870, "data": "1 daily eps", "label": [[0, 1, "QUANTITY"], [2, 7, "FREQUENCY"]], "prescriber_dosage": "1 daily (EPS)", "labels_worded": [["1", "QUANTITY"], ["daily eps", "FREQUENCY"]]}
,{"id": 2871, "data": "1 daily hosp", "label": [[0, 1, "QUANTITY"], [2, 7, "FREQUENCY"]], "prescriber_dosage": "1 daily (hosp)", "labels_worded": [["1", "QUANTITY"], ["daily hosp", "FREQUENCY"]]}
,{"id": 2872, "data": "1 daily after food", "label": [[0, 1, "QUANTITY"], [2, 7, "FREQUENCY"], [8, 18, "MEALTIME"]], "prescriber_dosage": "1 daily after food", "labels_worded": [["1", "QUANTITY"], ["daily after", "FREQUENCY"]]}
,{"id": 2873, "data": "1 daily as directed", "label": [[0, 1, "QUANTITY"], [2, 7, "FREQUENCY"]], "prescriber_dosage": "1 daily as directed", "labels_worded": [["1 daily", "FREQUENCY"]]}
,{"id": 2874, "data": "1 daily as required", "label": [[0, 1, "QUANTITY"], [2, 7, "FREQUENCY"]], "prescriber_dosage": "1 DAILY AS REQUIRED", "labels_worded": [["1 daily", "FREQUENCY"]]}
,{"id": 2875, "data": "1 daily asd by hospital", "label": [[0, 1, "QUANTITY"], [2, 7, "FREQUENCY"]], "prescriber_dosage": "1 daily asd by hospital", "labels_worded": [["1", "QUANTITY"], ["daily", "QUANTITY"]]}
,{"id": 2876, "data": "1 daily for blood pressure", "label": [[0, 1, "QUANTITY"], [2, 7, "FREQUENCY"]], "prescriber_dosage": "1 DAILY FOR BLOOD PRESSURE", "labels_worded": [["1 daily", "FREQUENCY"]]}
,{"id": 2877, "data": "1 daily for bp", "label": [[0, 1, "QUANTITY"], [2, 7, "FREQUENCY"]], "prescriber_dosage": "1 DAILY FOR BP", "labels_worded": [["1 daily", "FREQUENCY"]]}
,{"id": 2878, "data": "1 daily for cholesterol", "label": [[0, 1, "QUANTITY"], [2, 7, "FREQUENCY"]], "prescriber_dosage": "1 DAILY FOR CHOLESTEROL", "labels_worded": [["1 daily", "FREQUENCY"]]}
,{"id": 2879, "data": "1 daily for heart", "label": [[0, 1, "QUANTITY"], [2, 7, "FREQUENCY"]], "prescriber_dosage": "1 DAILY FOR HEART", "labels_worded": [["1 daily", "FREQUENCY"]]}
,{"id": 2880, "data": "1 daily for stomach", "label": [[0, 1, "QUANTITY"], [2, 7, "FREQUENCY"]], "prescriber_dosage": "1 DAILY FOR STOMACH", "labels_worded": [["1 daily", "FREQUENCY"]]}
,{"id": 2881, "data": "1 daily in the morning", "label": [[0, 1, "QUANTITY"], [2, 7, "FREQUENCY"], [15, 22, "MEALTIME"]], "prescriber_dosage": "1 daily in the morning", "labels_worded": [["1", "QUANTITY"], ["daily in the morning", "FREQUENCY"]]}
,{"id": 2882, "data": "1 daily as needed (also pertactin, a key antigen of ac. pertussis vaccine)", "label": [[0, 1, "QUANTITY"], [2, 7, "FREQUENCY"]], "prescriber_dosage": "1 daily prn", "labels_worded": [["1", "QUANTITY"], ["daily", "QUANTITY"], [")", "FREQUENCY"]]}
,{"id": 2883, "data": "1 daily to lower blood pressure", "label": [[0, 1, "QUANTITY"], [2, 7, "FREQUENCY"]], "prescriber_dosage": "1 DAILY TO LOWER BLOOD PRESSURE", "labels_worded": [["1 daily", "FREQUENCY"]]}
,{"id": 2884, "data": "1 daily to protect stomach", "label": [[0, 1, "QUANTITY"], [2, 7, "FREQUENCY"]], "prescriber_dosage": "1 DAILY TO PROTECT STOMACH", "labels_worded": [["1 daily", "FREQUENCY"]]}
,{"id": 2885, "data": "1 daily with food", "label": [[0, 1, "QUANTITY"], [2, 7, "FREQUENCY"], [8, 17, "MEALTIME"]], "prescriber_dosage": "1 daily with food", "labels_worded": [["1 daily", "FREQUENCY"]]}
,{"id": 2886, "data": "1 daily indication hypercholesterolaemia cvd prophylaxis", "label": [[0, 1, "QUANTITY"], [2, 7, "FREQUENCY"]], "prescriber_dosage": "1 DAILY. INDICATION : HYPERCHOLESTEROLAEMIA/CVD PROPHYLAXIS", "labels_worded": [["1 daily", "FREQUENCY"]]}
,{"id": 2887, "data": "1 daily28", "label": [[0, 1, "QUANTITY"], [2, 7, "FREQUENCY"]], "prescriber_dosage": "1 DAILY28", "labels_worded": [["1", "QUANTITY"]]}
,{"id": 2888, "data": "1 day", "label": [[0, 1, "QUANTITY"]], "prescriber_dosage": "1 DAY", "labels_worded": [["1 day", "FREQUENCY"]]}
,{"id": 2889, "data": "1 drop both eyes at night", "label": [[0, 1, "QUANTITY"]], "prescriber_dosage": "1 drop both eyes at night", "labels_worded": [["1", "QUANTITY"]]}
,{"id": 2890, "data": "1 drop four times a day", "label": [[0, 1, "QUANTITY"], [7, 23, "FREQUENCY"]], "prescriber_dosage": "1 DROP FOUR TIMES A DAY", "labels_worded": [["1", "QUANTITY"], ["four times a day", "FREQUENCY"]]}
,{"id": 2891, "data": "1 drop in the affected eye s once daily", "label": [[0, 1, "QUANTITY"], [29, 39, "FREQUENCY"]], "prescriber_dosage": "1 DROP IN THE AFFECTED EYE(S) ONCE DAILY.", "labels_worded": [["1", "QUANTITY"], ["s once daily", "FREQUENCY"]]}
,{"id": 2892, "data": "1 drop into affected eye s once in the evening", "label": [[0, 1, "QUANTITY"], [27, 46, "FREQUENCY"]], "prescriber_dosage": "1 DROP INTO AFFECTED EYE(S) ONCE IN THE EVENING", "labels_worded": [["1", "QUANTITY"]]}
,{"id": 2893, "data": "1 drop into the affected eye s once a day", "label": [[0, 1, "QUANTITY"], [31, 41, "FREQUENCY"]], "prescriber_dosage": "1 DROP INTO THE AFFECTED EYE(S) ONCE A DAY", "labels_worded": [["1", "QUANTITY"], ["s once a day", "FREQUENCY"]]}
,{"id": 2894, "data": "1 each evening", "label": [[0, 1, "QUANTITY"], [2, 14, "FREQUENCY"]], "prescriber_dosage": "1 each evening", "labels_worded": [["1", "QUANTITY"], ["each evening", "FREQUENCY"]]}
,{"id": 2895, "data": "1 each morning", "label": [[0, 1, "QUANTITY"], [2, 14, "FREQUENCY"]], "prescriber_dosage": "1 each morning", "labels_worded": [["1", "QUANTITY"], ["each morning", "FREQUENCY"]]}
,{"id": 2896, "data": "1 each night", "label": [[0, 1, "QUANTITY"], [2, 12, "FREQUENCY"]], "prescriber_dosage": "1 Each Night", "labels_worded": [["1", "QUANTITY"], ["each night", "FREQUENCY"]]}
,{"id": 2897, "data": "1 every day", "label": [[0, 1, "QUANTITY"], [2, 11, "FREQUENCY"]], "prescriber_dosage": "1 Every Day", "labels_worded": [["1", "QUANTITY"], ["every day", "FREQUENCY"]]}
,{"id": 2898, "data": "1 every day after food", "label": [[0, 1, "QUANTITY"], [2, 11, "FREQUENCY"], [12, 22, "MEALTIME"]], "prescriber_dosage": "1 EVERY DAY AFTER FOOD", "labels_worded": [["1 every day", "FREQUENCY"]]}
,{"id": 2899, "data": "1 every day at night", "label": [[0, 1, "QUANTITY"], [2, 11, "FREQUENCY"]], "prescriber_dosage": "1 Every Day at night", "labels_worded": [["1", "QUANTITY"], ["every day", "FREQUENCY"]]}
,{"id": 2900, "data": "1 every day for acid", "label": [[0, 1, "QUANTITY"], [2, 11, "FREQUENCY"]], "prescriber_dosage": "1 EVERY DAY FOR ACID", "labels_worded": [["1 every day", "FREQUENCY"]]}
,{"id": 2901, "data": "1 every day for blood pressure", "label": [[0, 1, "QUANTITY"], [2, 11, "FREQUENCY"]], "prescriber_dosage": "1 EVERY DAY FOR BLOOD PRESSURE", "labels_worded": [["1 every day", "FREQUENCY"]]}
,{"id": 2902, "data": "1 every day for bp", "label": [[0, 1, "QUANTITY"], [2, 11, "FREQUENCY"]], "prescriber_dosage": "1 EVERY DAY FOR BP", "labels_worded": [["1 every day", "FREQUENCY"]]}
,{"id": 2903, "data": "1 every day for cholesterol", "label": [[0, 1, "QUANTITY"], [2, 11, "FREQUENCY"]], "prescriber_dosage": "1 EVERY DAY FOR CHOLESTEROL", "labels_worded": [["1 every day", "FREQUENCY"]]}
,{"id": 2904, "data": "1 every day for circulation", "label": [[0, 1, "QUANTITY"], [2, 11, "FREQUENCY"]], "prescriber_dosage": "1 EVERY DAY FOR CIRCULATION", "labels_worded": [["1", "QUANTITY"], ["every day", "FREQUENCY"]]}
,{"id": 2905, "data": "1 every day for depression", "label": [[0, 1, "QUANTITY"], [2, 11, "FREQUENCY"]], "prescriber_dosage": "1 EVERY DAY FOR DEPRESSION", "labels_worded": [["1 every day", "FREQUENCY"]]}
,{"id": 2906, "data": "1 every day for thyroid", "label": [[0, 1, "QUANTITY"], [2, 11, "FREQUENCY"]], "prescriber_dosage": "1 EVERY DAY FOR THYROID", "labels_worded": [["1 every day", "FREQUENCY"]]}
,{"id": 2907, "data": "1 every day for underactive thyroid", "label": [[0, 1, "QUANTITY"], [2, 11, "FREQUENCY"]], "prescriber_dosage": "1 EVERY DAY FOR UNDERACTIVE THYROID", "labels_worded": [["1 every day", "FREQUENCY"]]}
,{"id": 2908, "data": "1 every day as needed (also pertactin, a key antigen of ac. pertussis vaccine)", "label": [[0, 1, "QUANTITY"], [2, 11, "FREQUENCY"], [77, 78, "FREQUENCY"]], "prescriber_dosage": "1 EVERY DAY PRN", "labels_worded": [["1", "QUANTITY"], ["every day", "FREQUENCY"], [")", "FREQUENCY"]]}
,{"id": 2909, "data": "1 every day to lower blood pressure", "label": [[0, 1, "QUANTITY"], [2, 11, "FREQUENCY"]], "prescriber_dosage": "1 EVERY DAY TO LOWER BLOOD PRESSURE", "labels_worded": [["1 every day", "FREQUENCY"]]}
,{"id": 2910, "data": "1 every day to lower blood pressure and to protect the heart and kidneys", "label": [[0, 1, "QUANTITY"], [2, 11, "FREQUENCY"]], "prescriber_dosage": "1 EVERY DAY TO LOWER BLOOD PRESSURE, AND TO PROTECT THE HEART AND KIDNEYS", "labels_worded": [["1 every day", "FREQUENCY"]]}
,{"id": 2911, "data": "1 every day to lower cholesterol", "label": [[0, 1, "QUANTITY"], [2, 11, "FREQUENCY"]], "prescriber_dosage": "1 EVERY DAY TO LOWER CHOLESTEROL", "labels_worded": [["1 every day", "FREQUENCY"]]}
,{"id": 2912, "data": "1 every day when required", "label": [[0, 1, "QUANTITY"], [2, 11, "FREQUENCY"]], "prescriber_dosage": "1 Every Day When Required", "labels_worded": [["1 every day", "FREQUENCY"]]}
,{"id": 2913, "data": "1 every day with food", "label": [[0, 1, "QUANTITY"], [2, 11, "FREQUENCY"]], "prescriber_dosage": "1 EVERY DAY WITH FOOD", "labels_worded": [["1", "QUANTITY"], ["every day", "FREQUENCY"]]}
,{"id": 2914, "data": "1 every day indication cvd prevention", "label": [[0, 1, "QUANTITY"], [2, 11, "FREQUENCY"]], "prescriber_dosage": "1 EVERY DAY. INDICATION: CVD PREVENTION", "labels_worded": [["1 every day", "FREQUENCY"]]}
,{"id": 2915, "data": "1 every day indication hypertension", "label": [[0, 1, "QUANTITY"], [2, 11, "FREQUENCY"]], "prescriber_dosage": "1 EVERY DAY. INDICATION: HYPERTENSION", "labels_worded": [["1 every day", "FREQUENCY"]]}
,{"id": 2916, "data": "1 every morning 30minutes before breakfast", "label": [[0, 1, "QUANTITY"], [2, 15, "FREQUENCY"], [16, 42, "MEALTIME"]], "prescriber_dosage": "1 Every Morning 30minutes before breakfast", "labels_worded": [["1 every morning", "FREQUENCY"]]}
,{"id": 2917, "data": "1 every morning after food", "label": [[0, 1, "QUANTITY"], [2, 15, "FREQUENCY"], [16, 26, "MEALTIME"]], "prescriber_dosage": "1 EVERY MORNING AFTER FOOD", "labels_worded": [["1 every morning", "FREQUENCY"]]}
,{"id": 2918, "data": "1 every other day", "label": [[0, 1, "QUANTITY"], [2, 17, "FREQUENCY"]], "prescriber_dosage": "1 every other day", "labels_worded": [["1", "QUANTITY"], ["other day", "FREQUENCY"]]}
,{"id": 2919, "data": "1 four times a day", "label": [[0, 1, "QUANTITY"], [2, 18, "FREQUENCY"]], "prescriber_dosage": "1 FOUR TIMES A DAY", "labels_worded": [["1", "QUANTITY"], ["four times a day", "FREQUENCY"]]}
,{"id": 2920, "data": "1 g twice a day", "label": [[0, 1, "QUANTITY"], [4, 15, "FREQUENCY"]], "prescriber_dosage": "1 G TWICE A DAY", "labels_worded": [["1", "QUANTITY"], ["twice a day", "FREQUENCY"]]}
,{"id": 2921, "data": "1 in the morning and 2 at night", "label": [[0, 1, "QUANTITY"], [21, 22, "QUANTITY"]], "prescriber_dosage": "1 in the morning and 2 at night", "labels_worded": [["1", "QUANTITY"], ["2 at night", "FREQUENCY"]]}
,{"id": 2922, "data": "1 in the morning for the heart", "label": [[0, 1, "QUANTITY"]], "prescriber_dosage": "1 IN THE MORNING FOR THE HEART", "labels_worded": [["1", "QUANTITY"]]}
,{"id": 2923, "data": "1 inhalation once daily", "label": [[0, 1, "QUANTITY"], [13, 23, "FREQUENCY"]], "prescriber_dosage": "1 INHALATION ONCE DAILY", "labels_worded": [["1", "QUANTITY"], ["once daily", "FREQUENCY"]]}
,{"id": 2924, "data": "1 inhalation twice a day", "label": [[0, 1, "QUANTITY"], [13, 24, "FREQUENCY"]], "prescriber_dosage": "1 INHALATION TWICE A DAY", "labels_worded": [["1", "QUANTITY"], ["twice a day", "FREQUENCY"]]}
,{"id": 2925, "data": "1 inhalation twice daily", "label": [[0, 1, "QUANTITY"], [13, 24, "FREQUENCY"]], "prescriber_dosage": "1 INHALATION TWICE DAILY", "labels_worded": [["1", "QUANTITY"], ["twice daily", "FREQUENCY"]]}
,{"id": 2926, "data": "1 mane", "label": [[0, 1, "QUANTITY"]], "prescriber_dosage": "1 mane", "labels_worded": [["1", "QUANTITY"]]}
,{"id": 2927, "data": "1 mane in blister pack", "label": [[0, 1, "QUANTITY"]], "prescriber_dosage": "1 MANE (IN BLISTER PACK)", "labels_worded": [["1", "QUANTITY"]]}
,{"id": 2928, "data": "1 mane 1 every night", "label": [[0, 1, "QUANTITY"], [7, 8, "QUANTITY"], [9, 20, "FREQUENCY"]], "prescriber_dosage": "1 mane 1 nocte", "labels_worded": [["1", "QUANTITY"], ["1 every night", "FREQUENCY"]]}
,{"id": 2929, "data": "1 mane 2 every night", "label": [[0, 1, "QUANTITY"], [7, 8, "QUANTITY"], [9, 20, "FREQUENCY"]], "prescriber_dosage": "1 mane 2 nocte", "labels_worded": [["1", "QUANTITY"], ["2 every night", "FREQUENCY"]]}
,{"id": 2930, "data": "1 mane and 2 every night", "label": [[0, 1, "QUANTITY"], [11, 12, "QUANTITY"], [13, 24, "FREQUENCY"]], "prescriber_dosage": "1 mane and 2 nocte", "labels_worded": [["1", "QUANTITY"], ["2 every night", "FREQUENCY"]]}
,{"id": 2931, "data": "1 mane please give patient medication to take away for holiday closures", "label": [[0, 1, "QUANTITY"]], "prescriber_dosage": "1 MANE PLEASE GIVE PATIENT MEDICATION TO TAKE AWAY FOR HOLIDAY CLOSURES", "labels_worded": [["1", "QUANTITY"]]}
,{"id": 2932, "data": "1 mane 2 every night", "label": [[0, 1, "QUANTITY"], [7, 8, "QUANTITY"], [9, 20, "FREQUENCY"]], "prescriber_dosage": "1 mane, 2 nocte", "labels_worded": [["1", "QUANTITY"], ["2 every night", "FREQUENCY"]]}
,{"id": 2933, "data": "1 metered dose in each nostril twice daily", "label": [[0, 1, "QUANTITY"], [31, 42, "FREQUENCY"]], "prescriber_dosage": "1 METERED DOSE IN EACH NOSTRIL TWICE DAILY.", "labels_worded": [["1", "QUANTITY"], ["each", "QUANTITY"], ["twice daily", "FREQUENCY"]]}
,{"id": 2934, "data": "1 every night as directed", "label": [[0, 1, "QUANTITY"], [2, 13, "FREQUENCY"]], "prescriber_dosage": "1 nocte as directed", "labels_worded": [["1", "QUANTITY"], ["every night", "FREQUENCY"]]}
,{"id": 2935, "data": "1 o mane", "label": [[0, 1, "QUANTITY"]], "prescriber_dosage": "1 O MANE", "labels_worded": [["1", "QUANTITY"], ["o mane", "FREQUENCY"]]}
,{"id": 2936, "data": "1 once a day in blister pack", "label": [[0, 1, "QUANTITY"], [2, 11, "FREQUENCY"]], "prescriber_dosage": "1 OD (IN BLISTER PACK)", "labels_worded": [["1", "QUANTITY"], ["a day", "FREQUENCY"]]}
,{"id": 2937, "data": "1 once a day to reduce stomach acidity and protect stomach whilst taking naproxen", "label": [[0, 1, "QUANTITY"], [2, 12, "FREQUENCY"]], "prescriber_dosage": "1 OD (TO REDUCE STOMACH ACIDITY AND PROTECT STOMACH WHILST TAKING naproxen)", "labels_worded": [["1 once a day", "FREQUENCY"]]}
,{"id": 2938, "data": "1 once a day to reduce stomach acidity", "label": [[0, 1, "QUANTITY"], [2, 12, "FREQUENCY"]], "prescriber_dosage": "1 OD (TO REDUCE STOMACH ACIDITY)", "labels_worded": [["1", "QUANTITY"], ["a day", "FREQUENCY"]]}
,{"id": 2939, "data": "1 once a day as dir by hospital", "label": [[0, 1, "QUANTITY"], [2, 12, "FREQUENCY"]], "prescriber_dosage": "1 od as dir by hospital", "labels_worded": [["1", "QUANTITY"], ["a day", "FREQUENCY"]]}
,{"id": 2940, "data": "1 on alternate days", "label": [[0, 1, "QUANTITY"], [5, 19, "FREQUENCY"]], "prescriber_dosage": "1 on alternate days", "labels_worded": [["1", "QUANTITY"], ["alternate days", "FREQUENCY"]]}
,{"id": 2941, "data": "1 once a day", "label": [[0, 1, "QUANTITY"], [2, 12, "FREQUENCY"]], "prescriber_dosage": "1 ONCE A DAY", "labels_worded": [["1", "QUANTITY"], ["a day", "FREQUENCY"]]}
,{"id": 2942, "data": "1 once daily", "label": [[0, 1, "QUANTITY"], [2, 12, "FREQUENCY"]], "prescriber_dosage": "1 ONCE DAILY", "labels_worded": [["1", "QUANTITY"], ["daily", "FREQUENCY"]]}
,{"id": 2943, "data": "1 once daily as directed", "label": [[0, 1, "QUANTITY"], [2, 12, "FREQUENCY"]], "prescriber_dosage": "1 ONCE DAILY AS DIRECTED", "labels_worded": [["1", "QUANTITY"], ["once daily", "FREQUENCY"]]}
,{"id": 2944, "data": "1 once daily as required", "label": [[0, 1, "QUANTITY"], [2, 12, "FREQUENCY"]], "prescriber_dosage": "1 ONCE DAILY AS REQUIRED", "labels_worded": [["1", "QUANTITY"], ["once daily", "FREQUENCY"]]}
,{"id": 2945, "data": "1 once daily at night", "label": [[0, 1, "QUANTITY"], [2, 12, "FREQUENCY"]], "prescriber_dosage": "1 ONCE DAILY AT NIGHT", "labels_worded": [["1", "QUANTITY"], ["daily at night", "FREQUENCY"]]}
,{"id": 2946, "data": "1 once daily for blood pressure", "label": [[0, 1, "QUANTITY"], [2, 12, "FREQUENCY"]], "prescriber_dosage": "1 ONCE DAILY FOR BLOOD PRESSURE", "labels_worded": [["1", "QUANTITY"], ["once daily", "FREQUENCY"]]}
,{"id": 2947, "data": "1 once daily with evening meal", "label": [[0, 1, "QUANTITY"], [2, 12, "FREQUENCY"], [13, 30, "MEALTIME"]], "prescriber_dosage": "1 ONCE DAILY WITH EVENING MEAL", "labels_worded": [["1", "QUANTITY"], ["daily with evening meal", "FREQUENCY"]]}
,{"id": 2948, "data": "1 once daily1op", "label": [[0, 1, "QUANTITY"], [2, 12, "FREQUENCY"]], "prescriber_dosage": "1 ONCE DAILY1OP", "labels_worded": [["1", "QUANTITY"]]}
,{"id": 2949, "data": "1 once daily2", "label": [[0, 1, "QUANTITY"], [2, 12, "FREQUENCY"]], "prescriber_dosage": "1 ONCE DAILY2", "labels_worded": [["1", "QUANTITY"]]}
,{"id": 2950, "data": "1 once daily28", "label": [[0, 1, "QUANTITY"], [2, 12, "FREQUENCY"]], "prescriber_dosage": "1 ONCE DAILY28", "labels_worded": [["1", "QUANTITY"]]}
,{"id": 2951, "data": "1 once dailyprn", "label": [[0, 1, "QUANTITY"], [2, 12, "FREQUENCY"]], "prescriber_dosage": "1 ONCE DAILYPRN", "labels_worded": [["1", "QUANTITY"]]}
,{"id": 2952, "data": "1 or 2 at night", "label": [[0, 6, "QUANTITY"]], "prescriber_dosage": "1 or 2 at night", "labels_worded": [["1", "QUANTITY"], ["2 at night", "FREQUENCY"]]}
,{"id": 2953, "data": "1 or 2 daily", "label": [[0, 6, "QUANTITY"], [7, 12, "FREQUENCY"]], "prescriber_dosage": "1 or 2 daily", "labels_worded": [["1", "QUANTITY"], ["2 daily", "FREQUENCY"]]}
,{"id": 2954, "data": "1 or 2 four times a day", "label": [[0, 6, "QUANTITY"], [7, 23, "FREQUENCY"]], "prescriber_dosage": "1 OR 2 FOUR TIMES A DAY", "labels_worded": [["1 or 2", "QUANTITY"], ["four times a day", "FREQUENCY"]]}
,{"id": 2955, "data": "1 or 2 four times a day when required", "label": [[0, 6, "QUANTITY"], [7, 23, "FREQUENCY"]], "prescriber_dosage": "1 OR 2 FOUR TIMES A DAY WHEN REQUIRED", "labels_worded": [["1 or 2", "QUANTITY"], ["four times a day", "FREQUENCY"]]}
,{"id": 2956, "data": "1 or 2 tablets 4 hourly as required maximum 8 per day", "label": [[15, 23, "FREQUENCY"], [44, 53, "FREQUENCY"], [0, 6, "QUANTITY"]], "prescriber_dosage": "1 OR 2 TABLETS 4 HOURLY AS REQUIRED MAXIMUM 8 PER DAY", "labels_worded": [["1 or", "QUANTITY"], ["2", "QUANTITY"], ["4 hourly", "FREQUENCY"], ["8 per day", "FREQUENCY"]]}
,{"id": 2957, "data": "1 or 2 tablets four times a day", "label": [[15, 31, "FREQUENCY"], [0, 6, "QUANTITY"]], "prescriber_dosage": "1 OR 2 TABLETS FOUR TIMES A DAY", "labels_worded": [["1 or", "QUANTITY"], ["2", "QUANTITY"], ["four times a day", "FREQUENCY"]]}
,{"id": 2958, "data": "1 or 2 to be taken four times daily when required", "label": [[19, 35, "FREQUENCY"], [0, 6, "QUANTITY"]], "prescriber_dosage": "1 or 2 To be taken Four Times Daily When Required", "labels_worded": [["1 or", "QUANTITY"], ["2", "QUANTITY"], ["four times daily", "FREQUENCY"]]}
,{"id": 2959, "data": "1 or two daily", "label": [[1, 8, "QUANTITY"], [9, 14, "FREQUENCY"]], "prescriber_dosage": "1 OR TWO DAILY", "labels_worded": [["1", "QUANTITY"], ["two daily", "FREQUENCY"]]}
,{"id": 2960, "data": "1 p twice a day", "label": [[0, 1, "QUANTITY"], [4, 15, "FREQUENCY"]], "prescriber_dosage": "1 P TWICE A DAY", "labels_worded": [["1", "QUANTITY"], ["twice a day", "FREQUENCY"]]}
,{"id": 2961, "data": "1 per day", "label": [[0, 1, "QUANTITY"], [2, 9, "FREQUENCY"]], "prescriber_dosage": "1 per day", "labels_worded": [["1", "QUANTITY"], ["per day", "FREQUENCY"]]}
,{"id": 2962, "data": "1 puff as required", "label": [[0, 1, "QUANTITY"]], "prescriber_dosage": "1 PUFF AS REQUIRED", "labels_worded": [["1", "QUANTITY"]]}
,{"id": 2963, "data": "1 puff daily", "label": [[0, 1, "QUANTITY"], [7, 12, "FREQUENCY"]], "prescriber_dosage": "1 puff daily", "labels_worded": [["1", "QUANTITY"], ["daily", "FREQUENCY"]]}
,{"id": 2964, "data": "1 puff four times a day as required", "label": [[0, 1, "QUANTITY"], [7, 23, "FREQUENCY"]], "prescriber_dosage": "1 PUFF FOUR TIMES A DAY AS REQUIRED", "labels_worded": [["1", "QUANTITY"], ["four times a day", "FREQUENCY"]]}
,{"id": 2965, "data": "1 puff to be taken twice daily", "label": [[0, 1, "QUANTITY"], [19, 30, "FREQUENCY"]], "prescriber_dosage": "1 puff To be taken Twice Daily", "labels_worded": [["1", "QUANTITY"], ["twice daily", "FREQUENCY"]]}
,{"id": 2966, "data": "1 puff twice a day", "label": [[0, 1, "QUANTITY"], [7, 18, "FREQUENCY"]], "prescriber_dosage": "1 PUFF TWICE A DAY", "labels_worded": [["1", "QUANTITY"], ["twice a day", "FREQUENCY"]]}
,{"id": 2967, "data": "1 puff twice daily", "label": [[0, 1, "QUANTITY"], [7, 18, "FREQUENCY"]], "prescriber_dosage": "1 puff twice daily", "labels_worded": [["1", "QUANTITY"], ["twice daily", "FREQUENCY"]]}
,{"id": 2968, "data": "1 puff up to four times daily as required", "label": [[0, 1, "QUANTITY"], [13, 29, "FREQUENCY"]], "prescriber_dosage": "1 PUFF UP TO FOUR TIMES DAILY AS REQUIRED", "labels_worded": [["1", "QUANTITY"], ["four times daily", "FREQUENCY"]]}
,{"id": 2969, "data": "1 sachet twice daily", "label": [[0, 1, "QUANTITY"], [9, 20, "FREQUENCY"]], "prescriber_dosage": "1 sachet bd", "labels_worded": [["1", "QUANTITY"], ["twice daily", "FREQUENCY"]]}
,{"id": 2970, "data": "1 sachet daily", "label": [[0, 1, "QUANTITY"], [9, 14, "FREQUENCY"]], "prescriber_dosage": "1 sachet daily", "labels_worded": [["1", "QUANTITY"], ["daily", "FREQUENCY"]]}
,{"id": 2971, "data": "1 sachet to be taken twice daily", "label": [[0, 1, "QUANTITY"], [21, 32, "FREQUENCY"]], "prescriber_dosage": "1 sachet To be taken Twice Daily", "labels_worded": [["1", "QUANTITY"], ["twice daily", "FREQUENCY"]]}
,{"id": 2972, "data": "1 sachet twice a day", "label": [[0, 1, "QUANTITY"], [9, 20, "FREQUENCY"]], "prescriber_dosage": "1 sachet twice a day", "labels_worded": [["1", "QUANTITY"], ["twice a day", "FREQUENCY"]]}
,{"id": 2973, "data": "1 sachet twice daily", "label": [[0, 1, "QUANTITY"], [9, 20, "FREQUENCY"]], "prescriber_dosage": "1 sachet twice daily", "labels_worded": [["1", "QUANTITY"], ["twice daily", "FREQUENCY"]]}
,{"id": 2974, "data": "1 spray into each nostril twice daily", "label": [[0, 1, "QUANTITY"], [26, 37, "FREQUENCY"]], "prescriber_dosage": "1 SPRAY INTO EACH NOSTRIL TWICE DAILY", "labels_worded": [["1", "QUANTITY"], ["each", "QUANTITY"], ["twice daily", "FREQUENCY"]]}
,{"id": 2975, "data": "1 spray 3 times a day", "label": [[0, 1, "QUANTITY"], [8, 21, "FREQUENCY"]], "prescriber_dosage": "1 spray tds", "labels_worded": [["1", "QUANTITY"], ["3 times a day", "FREQUENCY"]]}
,{"id": 2976, "data": "1 spray three times daily", "label": [[0, 1, "QUANTITY"], [8, 25, "FREQUENCY"]], "prescriber_dosage": "1 SPRAY THREE TIMES DAILY", "labels_worded": [["1", "QUANTITY"], ["three times daily", "FREQUENCY"]]}
,{"id": 2977, "data": "1 t once daily", "label": [[0, 1, "QUANTITY"], [4, 14, "FREQUENCY"]], "prescriber_dosage": "1 T ONCE DAILY", "labels_worded": [["1", "QUANTITY"], ["once daily", "FREQUENCY"]]}]
