[{"id": 51, "data": "1 -2 three times a day as required", "label": [[0, 4, "QUANTITY"], [5, 22, "FREQUENCY"]]}
,{"id": 52, "data": "1 capsule three times a day", "label": [[0, 1, "QUANTITY"], [10, 27, "FREQUENCY"]]}
,{"id": 53, "data": "1 daily for heart", "label": [[0, 1, "QUANTITY"], [2, 7, "FREQUENCY"]]}
,{"id": 54, "data": "1 sachet twice a day", "label": [[0, 1, "QUANTITY"], [9, 20, "FREQUENCY"]]}
,{"id": 55, "data": "1 tab bd", "label": [[6, 8, "FREQUENCY"]]}
,{"id": 56, "data": "1 three times a day with meals", "label": [[0, 1, "QUANTITY"], [2, 19, "FREQUENCY"], [20, 30, "MEALTIME"]]}
,{"id": 57, "data": "1-2 at night time prn", "label": [[0, 3, "QUANTITY"], [4, 12, "FREQUENCY"]]}
,{"id": 58, "data": "1-2 to be taken each night when required", "label": [[16, 26, "FREQUENCY"], [0, 3, "QUANTITY"]]}
,{"id": 59, "data": "1-2 to be taken four times daily prn. contains paracetamol", "label": [[0, 3, "QUANTITY"], [16, 32, "FREQUENCY"]]}
,{"id": 60, "data": "1ml 4 times a day", "label": [[0, 3, "QUANTITY"], [4, 17, "FREQUENCY"]]}
,{"id": 61, "data": "2 prn max qds", "label": [[10, 13, "FREQUENCY"], [0, 1, "QUANTITY"]]}
,{"id": 62, "data": "2 puffs four times a day as required", "label": [[0, 1, "QUANTITY"], [8, 24, "FREQUENCY"]]}
,{"id": 63, "data": "2 puffs three times a day as required", "label": [[0, 1, "QUANTITY"], [8, 25, "FREQUENCY"]]}
,{"id": 64, "data": "2 tablets a day", "label": [[0, 1, "QUANTITY"], [10, 15, "FREQUENCY"]]}
,{"id": 65, "data": "2 to be taken daily", "label": [[0, 1, "QUANTITY"], [14, 19, "FREQUENCY"]]}
,{"id": 66, "data": "alternate days", "label": [[0, 14, "FREQUENCY"]]}
,{"id": 67, "data": "apply 3 times/day when required", "label": [[6, 17, "FREQUENCY"]]}
,{"id": 68, "data": "apply one every 72 hours", "label": [[6, 24, "FREQUENCY"]]}
,{"id": 69, "data": "for subcutaneous injection, immediately before meals or when necessary shortly after meals according to requirements", "label": [[28, 52, "MEALTIME"], [71, 90, "MEALTIME"]]}
,{"id": 70, "data": "inhale 2 doses upto four times a day to relieve asthma. breathe in slowly and deeply(saba)", "label": [[7, 14, "FREQUENCY"], [20, 36, "FREQUENCY"]]}
,{"id": 71, "data": "once a day at night fro choletrol control", "label": [[0, 10, "FREQUENCY"]]}
,{"id": 72, "data": "one daily", "label": [[4, 9, "FREQUENCY"], [0, 3, "QUANTITY"]]}
,{"id": 73, "data": "one capsule twice daily", "label": [[0, 3, "QUANTITY"], [12, 23, "FREQUENCY"]]}
,{"id": 74, "data": "one drop twice daily to right eye", "label": [[0, 3, "QUANTITY"], [9, 20, "FREQUENCY"]]}
,{"id": 75, "data": "one inhalation once daily", "label": [[0, 3, "QUANTITY"], [15, 25, "FREQUENCY"]]}
,{"id": 76, "data": "one or two to be taken four times a day when required", "label": [[0, 10, "QUANTITY"], [23, 39, "FREQUENCY"]]}
,{"id": 77, "data": "one patch to be applied twice weekly", "label": [[0, 3, "QUANTITY"], [24, 36, "FREQUENCY"]]}
,{"id": 78, "data": "one tablet to be taken only when needed, upto 3 times/day. short term use only; prolonged use may lead to dependence", "label": [[0, 3, "QUANTITY"], [46, 57, "FREQUENCY"]]}
,{"id": 79, "data": "one three times a day as required", "label": [[0, 3, "QUANTITY"], [4, 21, "FREQUENCY"]]}
,{"id": 80, "data": "one to be taken each evening", "label": [[0, 3, "QUANTITY"], [16, 28, "FREQUENCY"]]}
,{"id": 81, "data": "one to be taken up to three times a day prn", "label": [[0, 3, "QUANTITY"], [22, 39, "FREQUENCY"]]}
,{"id": 82, "data": "take 1 or 2 tablets four times a day", "label": [[5, 11, "QUANTITY"], [20, 36, "FREQUENCY"]]}
,{"id": 83, "data": "take 2 to 4 4 times/day", "label": [[5, 11, "QUANTITY"], [12, 23, "FREQUENCY"]]}
,{"id": 84, "data": "take four at night", "label": [[5, 9, "FREQUENCY"]]}
,{"id": 85, "data": "take one 3 times/day 20 minutes before meals", "label": [[5, 8, "QUANTITY"], [9, 20, "FREQUENCY"], [21, 44, "MEALTIME"]]}
,{"id": 86, "data": "take one every day", "label": [[5, 8, "QUANTITY"], [9, 18, "FREQUENCY"]]}
,{"id": 87, "data": "take one in the morning", "label": [[5, 8, "QUANTITY"]]}
,{"id": 88, "data": "take one night", "label": [[5, 8, "QUANTITY"]]}
,{"id": 89, "data": "take one or two at night", "label": [[5, 15, "QUANTITY"]]}
,{"id": 90, "data": "take one tablet each morning", "label": [[5, 8, "QUANTITY"], [16, 28, "FREQUENCY"]]}
,{"id": 91, "data": "take one three times a day", "label": [[5, 8, "QUANTITY"], [9, 26, "FREQUENCY"]]}
,{"id": 92, "data": "take one twice daily with food", "label": [[5, 8, "QUANTITY"], [9, 20, "FREQUENCY"], [21, 30, "MEALTIME"]]}
,{"id": 93, "data": "take one, daily", "label": [[5, 8, "QUANTITY"], [10, 15, "FREQUENCY"]]}
,{"id": 94, "data": "take two daily", "label": [[5, 8, "QUANTITY"], [9, 14, "FREQUENCY"]]}
,{"id": 95, "data": "take two tablets 4 times a day", "label": [[5, 8, "QUANTITY"], [17, 30, "FREQUENCY"]]}
,{"id": 96, "data": "two to be taken four times a day prn", "label": [[0, 3, "QUANTITY"], [16, 32, "FREQUENCY"]]}
,{"id": 97, "data": "two tablet nocte", "label": [[0, 3, "QUANTITY"]]}
,{"id": 99, "data": "1 -2 four times a day as required", "label": [[0, 4, "QUANTITY"], [5, 21, "FREQUENCY"]]}
,{"id": 100, "data": "1 -2 three times a day as required", "label": [[0, 4, "QUANTITY"], [5, 22, "FREQUENCY"]]}
,{"id": 101, "data": "1 capsule three times a day", "label": [[0, 1, "QUANTITY"], [10, 27, "FREQUENCY"]]}
,{"id": 102, "data": "1 daily for heart", "label": [[2, 7, "FREQUENCY"], [0, 1, "QUANTITY"]]}
,{"id": 103, "data": "1 sachet twice a day", "label": [[0, 1, "QUANTITY"], [9, 20, "FREQUENCY"]]}
,{"id": 104, "data": "1 tab bd", "label": [[0, 1, "QUANTITY"], [6, 8, "FREQUENCY"]]}
,{"id": 105, "data": "1 three times a day with meals", "label": [[0, 1, "QUANTITY"], [2, 18, "FREQUENCY"], [20, 30, "MEALTIME"]]}
,{"id": 106, "data": "1-2 at night time prn", "label": [[0, 3, "QUANTITY"]]}
,{"id": 107, "data": "1-2 to be taken each night when required", "label": [[0, 3, "QUANTITY"], [16, 26, "FREQUENCY"]]}
,{"id": 108, "data": "1-2 to be taken four times daily prn. contains paracetamol", "label": [[0, 3, "QUANTITY"], [16, 32, "FREQUENCY"]]}
,{"id": 109, "data": "1ml 4 times a day", "label": [[4, 17, "FREQUENCY"], [0, 3, "QUANTITY"]]}
,{"id": 110, "data": "2 prn max qds", "label": [[0, 1, "QUANTITY"]]}
,{"id": 111, "data": "2 puffs four times a day as required", "label": [[0, 1, "QUANTITY"], [8, 24, "FREQUENCY"]]}
,{"id": 112, "data": "2 puffs three times a day as required", "label": [[0, 1, "QUANTITY"], [8, 25, "FREQUENCY"]]}
,{"id": 113, "data": "2 tablets a day", "label": [[0, 1, "QUANTITY"], [10, 15, "FREQUENCY"]]}
,{"id": 114, "data": "2 to be taken daily", "label": [[0, 1, "QUANTITY"], [14, 19, "FREQUENCY"]]}
,{"id": 116, "data": "apply 3 times/day when required", "label": [[6, 17, "FREQUENCY"]]}
,{"id": 117, "data": "apply one every 72 hours", "label": [[6, 24, "FREQUENCY"]]}
,{"id": 118, "data": "for subcutaneous injection, immediately before meals or when necessary shortly after meals according to requirements", "label": [[28, 52, "MEALTIME"], [71, 90, "MEALTIME"]]}
,{"id": 119, "data": "inhale 2 doses upto four times a day to relieve asthma. breathe in slowly and deeply(saba)", "label": [[7, 8, "QUANTITY"], [20, 36, "FREQUENCY"]]}
,{"id": 120, "data": "once a day at night fro choletrol control", "label": [[0, 10, "FREQUENCY"]]}
,{"id": 121, "data": "one daily", "label": [[0, 3, "QUANTITY"], [4, 9, "FREQUENCY"]]}
,{"id": 122, "data": "one capsule twice daily", "label": [[0, 3, "QUANTITY"], [12, 23, "FREQUENCY"]]}
,{"id": 123, "data": "one drop twice daily to right eye", "label": [[0, 3, "QUANTITY"], [9, 20, "FREQUENCY"]]}
,{"id": 124, "data": "one inhalation once daily", "label": [[0, 3, "QUANTITY"], [15, 25, "FREQUENCY"]]}
,{"id": 125, "data": "one or two to be taken four times a day when required", "label": [[0, 10, "QUANTITY"], [23, 39, "FREQUENCY"]]}
,{"id": 126, "data": "one patch to be applied twice weekly", "label": [[0, 3, "QUANTITY"], [24, 36, "FREQUENCY"]]}
,{"id": 127, "data": "one tablet to be taken only when needed, upto 3 times/day. short term use only; prolonged use may lead to dependence", "label": [[0, 3, "QUANTITY"], [46, 57, "FREQUENCY"]]}
,{"id": 128, "data": "one three times a day as required", "label": [[0, 3, "QUANTITY"], [4, 21, "FREQUENCY"]]}
,{"id": 129, "data": "one to be taken each evening", "label": [[0, 3, "QUANTITY"], [16, 28, "FREQUENCY"]]}
,{"id": 130, "data": "one to be taken up to three times a day prn", "label": [[0, 3, "QUANTITY"], [22, 39, "FREQUENCY"]]}
,{"id": 131, "data": "take 1 or 2 tablets four times a day", "label": [[5, 11, "QUANTITY"], [20, 36, "FREQUENCY"]]}
,{"id": 132, "data": "take 2 to 4 4 times/day", "label": [[5, 11, "QUANTITY"], [12, 23, "FREQUENCY"]]}
,{"id": 133, "data": "take four at night", "label": [[5, 9, "QUANTITY"]]}
,{"id": 134, "data": "take one 3 times/day 20 minutes before meals", "label": [[5, 8, "QUANTITY"], [9, 20, "FREQUENCY"], [21, 44, "MEALTIME"]]}
,{"id": 135, "data": "take one every day", "label": [[5, 8, "QUANTITY"], [9, 18, "FREQUENCY"]]}
,{"id": 136, "data": "take one in the morning", "label": [[5, 8, "QUANTITY"]]}
,{"id": 137, "data": "take one night", "label": [[5, 8, "QUANTITY"]]}
,{"id": 138, "data": "take one or two at night", "label": [[5, 15, "QUANTITY"]]}
,{"id": 139, "data": "take one tablet each morning", "label": [[5, 8, "QUANTITY"]]}
,{"id": 140, "data": "take one three times a day", "label": [[9, 26, "FREQUENCY"], [5, 8, "QUANTITY"]]}
,{"id": 141, "data": "take one twice daily with food", "label": [[5, 8, "QUANTITY"], [9, 20, "FREQUENCY"]]}
,{"id": 142, "data": "take one, daily", "label": [[5, 8, "QUANTITY"], [10, 15, "FREQUENCY"]]}
,{"id": 143, "data": "take two daily", "label": [[5, 8, "QUANTITY"], [9, 14, "FREQUENCY"]]}
,{"id": 144, "data": "take two tablets 4 times a day", "label": [[5, 8, "QUANTITY"], [17, 30, "FREQUENCY"]]}
,{"id": 145, "data": "two to be taken four times a day prn", "label": [[0, 3, "QUANTITY"], [16, 32, "FREQUENCY"]]}
,{"id": 146, "data": "two tablet nocte", "label": [[0, 3, "QUANTITY"]]}
,{"id": 148, "data": "2 capsules nocte", "label": [[0, 1, "QUANTITY"]]}]
