{"do_lower_case": true, "unk_token": "[UNK]", "sep_token": "[SEP]", "pad_token": "[PAD]", "cls_token": "[CLS]", "mask_token": "[MASK]", "tokenize_chinese_chars": true, "strip_accents": null, "name_or_path": "/Users/rob/.cache/torch/sentence_transformers/sentence-transformers_paraphrase-MiniLM-L6-v2/", "do_basic_tokenize": true, "never_split": null, "model_max_length": 512, "special_tokens_map_file": "/Users/rob/.cache/torch/sentence_transformers/sentence-transformers_paraphrase-MiniLM-L6-v2/special_tokens_map.json", "tokenizer_class": "BertTokenizer"}