{"text":"1 -2 four times a day as required","label":null}
{"text":"1 -2 three times a day as required","label":null}
{"text":"1 capsule three times a day","label":null}
{"text":"1 daily for heart","label":null}
{"text":"1 sachet twice a day","label":null}
{"text":"1 tab bd","label":null}
{"text":"1 three times a day with meals","label":null}
{"text":"1-2 at night time prn","label":null}
{"text":"1-2 to be taken each night when required","label":null}
{"text":"1-2 to be taken four times daily prn. contains paracetamol","label":null}
{"text":"1ml 4 times a day","label":null}
{"text":"2 prn max qds","label":null}
{"text":"2 puffs four times a day as required","label":null}
{"text":"2 puffs three times a day as required","label":null}
{"text":"2 tablets a day","label":null}
{"text":"2 to be taken daily","label":null}
{"text":"alternate days","label":null}
{"text":"apply 3 times\/day when required","label":null}
{"text":"apply one every 72 hours","label":null}
{"text":"for subcutaneous injection, immediately before meals or when necessary shortly after meals according to requirements","label":null}
{"text":"inhale 2 doses upto four times a day to relieve asthma. breathe in slowly and deeply(saba)","label":null}
{"text":"once a day at night fro choletrol control","label":null}
{"text":"one daily","label":null}
{"text":"one capsule twice daily","label":null}
{"text":"one drop twice daily to right eye","label":null}
{"text":"one inhalation once daily","label":null}
{"text":"one or two to be taken four times a day when required","label":null}
{"text":"one patch to be applied twice weekly","label":null}
{"text":"one tablet to be taken only when needed, upto 3 times\/day. short term use only; prolonged use may lead to dependence","label":null}
{"text":"one three times a day as required","label":null}
{"text":"one to be taken each evening","label":null}
{"text":"one to be taken up to three times a day prn","label":null}
{"text":"take 1 or 2 tablets four times a day","label":null}
{"text":"take 2 to 4 4 times\/day","label":null}
{"text":"take four at night","label":null}
{"text":"take one 3 times\/day 20 minutes before meals","label":null}
{"text":"take one every day","label":null}
{"text":"take one in the morning","label":null}
{"text":"take one night","label":null}
{"text":"take one or two at night","label":null}
{"text":"take one tablet each morning","label":null}
{"text":"take one three times a day","label":null}
{"text":"take one twice daily with food","label":null}
{"text":"take one, daily","label":null}
{"text":"take two daily","label":null}
{"text":"take two tablets 4 times a day","label":null}
{"text":"two to be taken four times a day prn","label":null}
{"text":"two tablet nocte","label":null}
{"text":"20 mg nocte for high cholestrol instead of simvastatin- as per new clinical guidance","label":null}
{"text":"2 capsules nocte","label":null}